"iso_year","iso_week","growth_q_elec","growth_q_flights","growth_q_nedar","growth_q_ind","growth_q_no2","growth_q_omx","growth_q_ret","growth_q_ships","growth_q_unemp_in","growth_q_unemp_out","Pct_change_GDP"
2000,25,NA,NA,NA,NA,NA,NA,NA,NA,6.00965923580466,10.0224451170644,NA
2000,26,NA,NA,NA,-5.33968589917231,NA,-3.20863906960996,2.9296369488431,NA,4.82140541095972,10.9076549948061,1.4
2000,27,NA,NA,NA,NA,NA,-4.15302533204654,NA,NA,1.84532987995604,10.605344184221,NA
2000,28,NA,NA,NA,NA,NA,-4.72011587634745,NA,NA,5.06500272441363,9.27532511949308,NA
2000,29,NA,NA,NA,NA,NA,-5.06099967718707,NA,NA,6.32700269682368,10.9556493485626,NA
2000,30,NA,NA,NA,NA,NA,-5.63161995981416,NA,NA,4.41421549538682,8.10724430707617,NA
2000,31,NA,NA,NA,-2.67191467335096,NA,-6.43505576180485,2.03636961470311,NA,-1.49054280451276,9.3186777647288,NA
2000,32,NA,NA,NA,NA,NA,-7.48476089002162,NA,NA,-2.1045353795169,10.3918633670957,NA
2000,33,NA,NA,NA,NA,NA,-8.59112362593477,NA,NA,-4.28984632513324,10.2141890350369,NA
2000,34,NA,NA,NA,NA,NA,-9.98105364394626,NA,NA,-5.68447204186346,11.0095413255473,NA
2000,35,NA,NA,NA,3.01341068440742,NA,-10.7408522898213,0.264900817157686,NA,-7.52566766952837,12.3772676493828,NA
2000,36,NA,NA,NA,NA,NA,-10.9455993272972,NA,NA,-8.88497730417886,14.9991006437227,NA
2000,37,NA,NA,NA,NA,NA,-10.7759295901236,NA,NA,-9.40676193072426,12.7548207293316,NA
2000,38,NA,NA,NA,NA,NA,-10.0526900382851,NA,NA,-8.78957010156017,11.0070597878197,NA
2000,39,NA,NA,NA,9.25461461244748,NA,-9.20867711745934,0.697474492707195,NA,-7.94733985974413,10.2239226026473,1.1
2000,40,NA,NA,NA,NA,NA,-8.37357689561859,NA,NA,-4.70412535593461,11.2032972917507,NA
2000,41,NA,NA,NA,NA,NA,-7.72117911689275,NA,NA,-7.66477906423772,12.8508844551436,NA
2000,42,NA,NA,NA,NA,NA,-7.028044241782,NA,NA,-8.38923339591726,12.5194379460936,NA
2000,43,NA,NA,NA,NA,NA,-6.46942236464788,NA,NA,-6.45604083246252,15.0494509924675,NA
2000,44,NA,NA,NA,5.2742920154815,NA,-5.54526467678274,2.33878135260967,NA,-4.1481892846162,14.4421664504528,NA
2000,45,NA,NA,NA,NA,NA,-3.97554715834032,NA,NA,-3.75462501967115,12.9089618550412,NA
2000,46,NA,NA,NA,NA,NA,-2.23776589121004,NA,NA,-0.533456123627519,11.3009216699564,NA
2000,47,NA,NA,NA,NA,NA,0.0131978465983645,NA,NA,1.28756151051545,10.5963611067344,NA
2000,48,NA,NA,NA,-0.651468102119375,NA,1.15842626805726,3.97632331720131,NA,2.26382527772446,10.0481047283884,NA
2000,49,NA,NA,NA,NA,NA,1.00550546903596,NA,NA,2.86882825650436,9.74160390428572,NA
2000,50,NA,NA,NA,NA,NA,1.07693868078605,NA,NA,3.84803776970089,9.99568207861942,NA
2000,51,NA,NA,NA,NA,NA,0.954553855233424,NA,NA,3.08731532818341,10.480766476761,NA
2000,52,NA,NA,NA,-6.07362351878327,NA,0.8536321681809,1.20899572779184,NA,4.02388954142336,7.06062758155106,1.8
2001,1,NA,NA,NA,NA,NA,0.891252512136159,NA,NA,2.39558607400097,4.94010886948646,NA
2001,2,NA,NA,NA,NA,NA,1.16319479883328,NA,NA,4.31520036685168,2.6339547773737,NA
2001,3,NA,NA,NA,NA,NA,1.40285617933096,NA,NA,4.55455129212412,1.41391054830631,NA
2001,4,NA,NA,NA,NA,NA,2.316908723479,NA,NA,3.20121303623237,-2.11637701401442,NA
2001,5,NA,NA,NA,3.86912858048169,NA,2.77207439484808,-0.171379647773474,NA,2.82422024832641,-0.923310376840888,NA
2001,6,NA,NA,NA,NA,NA,2.52280225136668,NA,NA,2.52069085159233,-0.71622966079106,NA
2001,7,NA,NA,NA,NA,NA,2.01852489821902,NA,NA,0.622828261447016,-1.1608114755892,NA
2001,8,NA,NA,NA,NA,NA,0.986891944999231,NA,NA,-0.0728789012227399,-2.74670121909831,NA
2001,9,NA,NA,NA,10.4519826243033,NA,0.392409499378087,-0.680274732275252,NA,-0.409202788031184,-0.00834069788285935,NA
2001,10,NA,NA,NA,NA,NA,1.32254860006981,NA,NA,-0.989705354518619,0.00251481641622018,NA
2001,11,NA,NA,NA,NA,NA,1.67889239860981,NA,NA,-2.30240596443647,-1.17699386893046,NA
2001,12,NA,NA,NA,NA,NA,1.63619077113994,NA,NA,-0.527412522941396,-3.05736076421993,NA
2001,13,NA,NA,NA,11.3769087096055,NA,1.38508245411733,1.194553453757,NA,-3.21606503460639,1.07580631165259,2.7
2001,14,NA,NA,NA,NA,NA,0.845169635230775,NA,NA,-3.12435507720353,2.27227237924613,NA
2001,15,NA,NA,NA,NA,NA,0.156278227137335,NA,NA,-4.17167531268536,3.15201283697564,NA
2001,16,NA,NA,NA,NA,NA,-0.683359785688159,NA,NA,-2.84866480950214,4.15943868768796,NA
2001,17,NA,NA,NA,NA,NA,-2.23128637745582,NA,NA,-1.96141783967096,5.44067585156426,NA
2001,18,NA,NA,NA,1.57621476938764,NA,-3.54561726993945,0.171379647773482,NA,2.99950096249259,6.8987583991725,NA
2001,19,NA,NA,NA,NA,NA,-4.53652231991005,NA,NA,3.56050019120863,7.91977658687442,NA
2001,20,NA,NA,NA,NA,NA,-5.44187727459736,NA,NA,4.14549819708755,9.25615583343095,NA
2001,21,NA,NA,NA,NA,NA,-6.05854411310812,NA,NA,4.21186715761455,11.3230082053991,NA
2001,22,NA,NA,NA,-3.3350675333486,NA,-6.51241084532525,-2.15618530075872,NA,5.56289712442406,7.44804356318933,NA
2001,23,NA,NA,NA,NA,NA,-7.58809401556465,NA,NA,6.25271799174926,6.6201990057522,NA
2001,24,NA,NA,NA,NA,NA,-8.32509335336997,NA,NA,7.51948809283594,7.37755087951702,NA
2001,25,NA,NA,NA,NA,NA,-8.53682403226241,NA,NA,6.30392616274197,10.3708688042036,NA
2001,26,NA,NA,NA,0.506757841230589,NA,-8.82739822479375,-3.27615506752952,NA,6.73290819186494,11.3812353552038,-0.1
2001,27,NA,NA,NA,NA,NA,-8.91397731600926,NA,NA,5.8977130501399,11.9414427730351,NA
2001,28,NA,NA,NA,NA,NA,-9.16217415697972,NA,NA,6.83969565220103,14.1708292331436,NA
2001,29,NA,NA,NA,NA,NA,-9.65787867845208,NA,NA,4.5672746373468,13.0704155863428,NA
2001,30,NA,NA,NA,NA,NA,-9.95666928007126,NA,NA,4.55442887375145,14.5809056784363,NA
2001,31,NA,NA,NA,5.1640757907377,NA,-10.2533549677574,-2.33878135260967,NA,-3.17136730435683,10.5431762171627,NA
2001,32,NA,NA,NA,NA,NA,-10.6106105941222,NA,NA,-3.38441976551914,8.64670654385903,NA
2001,33,NA,NA,NA,NA,NA,-10.9815862487886,NA,NA,-2.61945931749258,10.6738768254823,NA
2001,34,NA,NA,NA,NA,NA,-11.6557334240117,NA,NA,-2.61105696245962,9.81541883077199,NA
2001,35,NA,NA,NA,3.16671732523724,NA,-12.3530133287859,0.174216071938485,NA,-3.7771772162374,13.2530760485167,NA
2001,36,NA,NA,NA,NA,NA,-13.0708035584834,NA,NA,-3.51438798077987,12.9882694410291,NA
2001,37,NA,NA,NA,NA,NA,-14.1936372179279,NA,NA,-3.33935858374501,14.3492844084086,NA
2001,38,NA,NA,NA,NA,NA,-15.6521821254534,NA,NA,-2.12804391866848,12.0623052041297,NA
2001,39,NA,NA,NA,-1.27174244727101,NA,-16.3869939594639,0.872605885980699,NA,-0.410618078653908,5.47856507760748,2.2
2001,40,NA,NA,NA,NA,NA,-17.0003103886058,NA,NA,0.549551420687717,3.2887892884248,NA
2001,41,NA,NA,NA,NA,NA,-17.0661512824475,NA,NA,-0.0123891478188594,1.0431944019536,NA
2001,42,NA,NA,NA,NA,NA,-16.4502975066025,NA,NA,0.784563151050034,2.06307071583013,NA
2001,43,NA,NA,NA,NA,NA,-15.6811085557622,NA,NA,0.0109417528675533,0.763170533152124,NA
2001,44,NA,NA,NA,-0.579232070450443,NA,-14.707052703543,1.13290972059692,NA,1.49147499401953,0.0835637307660772,NA
2001,45,NA,NA,NA,NA,NA,-13.7229794811038,NA,NA,3.04514726716999,3.11848196745774,NA
2001,46,NA,NA,NA,NA,NA,-12.4371591129425,NA,NA,1.66012280774865,-0.80163101038212,NA
2001,47,NA,NA,NA,NA,NA,-10.5978337816032,NA,NA,1.95957661251289,-0.293144463708367,NA
2001,48,NA,NA,NA,4.93115510703684,NA,-8.74181181194413,1.12506595631009,NA,1.26118384026187,-3.60322844399102,NA
2001,49,NA,NA,NA,NA,NA,-6.43961827065168,NA,NA,0.0682992975150654,-2.54158444222734,NA
2001,50,NA,NA,NA,NA,NA,-3.45909179837087,NA,NA,-1.19566937541798,-4.2464056932286,NA
2001,51,NA,NA,NA,NA,NA,-0.407098473822991,NA,NA,-2.16980308780974,-1.27645070069048,NA
2001,52,NA,NA,NA,NA,NA,1.77405526588726,NA,NA,-3.51730570369525,9.96966171379547,2.2
2002,1,NA,NA,NA,9.43789365273409,NA,3.59221377928309,2.48833087378278,NA,-4.9311969478472,13.3380164529773,NA
2002,2,NA,NA,NA,NA,NA,4.95632513116255,NA,NA,-5.20199840754322,14.187523451693,NA
2002,3,NA,NA,NA,NA,NA,6.05509112171008,NA,NA,-5.33091015357873,14.0154463716536,NA
2002,4,NA,NA,NA,NA,NA,7.05145702650156,NA,NA,-4.34200629790293,14.1118143655279,NA
2002,5,NA,NA,NA,2.9437939279852,NA,7.70412134961427,5.1509908706604,NA,-0.921280447441551,16.0585552759363,NA
2002,6,NA,NA,NA,NA,NA,8.37486532673685,NA,NA,-4.00346915503938,13.4978184876151,NA
2002,7,NA,NA,NA,NA,NA,8.85493255230103,NA,NA,-4.08885275560542,16.0524196087787,NA
2002,8,NA,NA,NA,NA,NA,9.28258633638789,NA,NA,-5.13909029642195,16.5825192162527,NA
2002,9,NA,NA,NA,-4.51080980547416,NA,9.66403209953858,6.81893358872682,NA,-4.65771692015165,17.2123319251926,NA
2002,10,NA,NA,NA,NA,NA,9.71126680560804,NA,NA,-4.5741143748401,17.2431947923694,NA
2002,11,NA,NA,NA,NA,NA,9.50973793189676,NA,NA,-3.99878519297914,19.0861551755218,NA
2002,12,NA,NA,NA,NA,NA,9.41226591630968,NA,NA,-4.81465943928902,17.5071188530211,NA
2002,13,NA,NA,NA,-7.49444422986879,NA,9.77369386528181,8.05640841191322,NA,-5.0704178516822,5.94882409184215,0.6
2002,14,NA,NA,NA,NA,NA,10.5670274470829,NA,NA,-3.24082527926098,4.77525980885511,NA
2002,15,NA,NA,NA,NA,NA,11.1265166218864,NA,NA,-2.7754304424422,5.09462287805149,NA
2002,16,NA,NA,NA,NA,NA,11.5576879291954,NA,NA,-2.9766490522127,5.5225031801776,NA
2002,17,NA,NA,NA,NA,NA,12.2926334758767,NA,NA,-4.14413445821743,5.56386921555777,NA
2002,18,NA,NA,NA,-0.809065902015373,NA,13.2972580717485,3.87457665758424,NA,-5.72204914305046,5.60397963865378,NA
2002,19,NA,NA,NA,NA,NA,14.0896713224146,NA,NA,-4.33378612869782,5.43680722256393,NA
2002,20,NA,NA,NA,NA,NA,14.4734410578836,NA,NA,-3.3567491857868,3.58564257271827,NA
2002,21,NA,NA,NA,NA,NA,14.1417414602265,NA,NA,-2.10844151496061,2.05498142306434,NA
2002,22,NA,NA,NA,8.44213366911489,NA,13.5806642771852,1.51578490513663,NA,-2.00076945830626,2.16052829787773,NA
2002,23,NA,NA,NA,NA,NA,12.6553799635703,NA,NA,-2.03195044481039,1.46622999877384,NA
2002,24,NA,NA,NA,NA,NA,11.5130536043337,NA,NA,-2.66760590379903,-0.906858447130787,NA
2002,25,NA,NA,NA,NA,NA,10.3015612603966,NA,NA,-2.26172164700347,-3.02879131949246,NA
2002,26,NA,NA,NA,7.95920106952347,NA,8.65948187212684,-2.29349712824958,NA,1.71056549939642,-2.0374636468519,2.6
2002,27,NA,NA,NA,NA,NA,6.64424849625565,NA,NA,1.4950276840749,-3.66421815585484,NA
2002,28,NA,NA,NA,NA,NA,5.28625739355685,NA,NA,0.860677973253969,-5.54702583626295,NA
2002,29,NA,NA,NA,NA,NA,3.94497289465529,NA,NA,1.12447756794917,-6.72422191946262,NA
2002,30,NA,NA,NA,NA,NA,1.93649430609494,NA,NA,2.06404713318227,-7.42185301259055,NA
2002,31,NA,NA,NA,3.27636177156139,NA,-0.363914110257905,0.552705710214579,NA,1.72911896571,-7.88944856491337,NA
2002,32,NA,NA,NA,NA,NA,-2.13171648583683,NA,NA,2.31566275356092,-6.61527862272182,NA
2002,33,NA,NA,NA,NA,NA,-3.16783773743407,NA,NA,2.18880880897602,-6.7125188857856,NA
2002,34,NA,NA,NA,NA,NA,-3.56376174299708,NA,NA,2.08951722030056,-4.98747898805047,NA
2002,35,NA,NA,NA,-4.01154849690453,NA,-3.62419840582215,0.867171378161765,NA,2.49070275912612,-4.00490673896362,NA
2002,36,NA,NA,NA,NA,NA,-3.34157950760514,NA,NA,3.65514235088399,-3.96718205267585,NA
2002,37,NA,NA,NA,NA,NA,-2.92109682963938,NA,NA,5.06485126304032,-4.09684290970473,NA
2002,38,NA,NA,NA,NA,NA,-2.60968894771213,NA,NA,5.9280946950691,-2.22468586132276,NA
2002,39,NA,NA,NA,NA,NA,-1.91590012192326,NA,NA,-0.518405789808449,1.53495265464045,1.6
2002,40,NA,NA,NA,-4.26268164617632,NA,-0.933287523417621,2.60575343192896,NA,-2.59754198363024,2.53112353801485,NA
2002,41,NA,NA,NA,NA,NA,-0.57302193268347,NA,NA,-1.87632946535447,3.80299758898853,NA
2002,42,NA,NA,NA,NA,NA,-0.268054959676628,NA,NA,-2.44223319984291,3.526088996651,NA
2002,43,NA,NA,NA,NA,NA,0.436612219287466,NA,NA,-3.24471264601904,3.19139639739398,NA
2002,44,NA,NA,NA,0,NA,1.21389087734691,1.09633047972696,NA,-2.48683284365936,3.52672211265467,NA
2002,45,NA,NA,NA,NA,NA,1.51952846508995,NA,NA,-3.56408124990686,1.8731557309453,NA
2002,46,NA,NA,NA,NA,NA,1.44750300837981,NA,NA,-4.07420077255667,3.02983803081349,NA
2002,47,NA,NA,NA,NA,NA,1.36332350398812,NA,NA,-5.75037664264144,0.490055729245034,NA
2002,48,NA,NA,NA,4.01154849690453,NA,1.03732849444215,1.2480661223609,NA,-6.18994148427903,-0.641153687529363,NA
2002,49,NA,NA,NA,NA,NA,0.681436379200723,NA,NA,-7.76858414087287,-0.525151532562452,NA
2002,50,NA,NA,NA,NA,NA,0.357798088664329,NA,NA,-9.61686926585221,0.53196016450477,NA
2002,51,NA,NA,NA,NA,NA,0.0592146584279208,NA,NA,-10.5448147163171,0.892102020800133,NA
2002,52,NA,NA,NA,NA,NA,-0.344254671018487,NA,NA,-7.59464772771586,5.68179153820505,1.4
2003,1,NA,NA,NA,8.42521976086733,NA,-0.942079902024694,0.853711044520931,NA,-5.50277935598696,4.3612326192375,NA
2003,2,NA,NA,NA,NA,NA,-0.944992037300001,NA,NA,-6.49593455605828,3.75167110779477,NA
2003,3,NA,NA,NA,NA,NA,-0.681141275562815,NA,NA,-5.50408498166725,4.11666370340342,NA
2003,4,NA,NA,NA,NA,NA,-0.419729468176406,NA,NA,-4.98033945908878,6.43572694813745,NA
2003,5,NA,NA,NA,8.43873922775474,NA,-0.132123109766891,2.38564603619585,NA,-4.00228407905405,7.28844608131934,NA
2003,6,NA,NA,NA,NA,NA,0.348084957076121,NA,NA,-3.46838183659823,8.28529285061964,NA
2003,7,NA,NA,NA,NA,NA,0.95237721077007,NA,NA,-3.28321496218277,7.92778447973607,NA
2003,8,NA,NA,NA,NA,NA,1.26892627955353,NA,NA,-1.65042535707943,9.14914743500425,NA
2003,9,NA,NA,NA,11.975145599328,NA,1.77629695368231,3.20393537446167,NA,-1.44786800457773,10.9517865915322,NA
2003,10,NA,NA,NA,NA,NA,2.44438844995176,NA,NA,0.169861102068471,10.8316898427407,NA
2003,11,NA,NA,NA,NA,NA,3.20127268044877,NA,NA,1.69935480103829,10.7279128095789,NA
2003,12,NA,NA,NA,NA,NA,4.25591686571753,NA,NA,2.20686908872153,8.0313097914624,NA
2003,13,NA,NA,NA,NA,NA,5.31468964389086,NA,NA,2.3969063848654,-3.58412534594582,4.9
2003,14,NA,NA,NA,7.63293725488754,NA,6.53472153652681,3.79120460222492,NA,2.17262504851257,-3.42812198393793,NA
2003,15,NA,NA,NA,NA,NA,7.6013551232643,NA,NA,3.50871801739158,-3.68240433241071,NA
2003,16,NA,NA,NA,NA,NA,8.51128410038304,NA,NA,2.61829676613089,-5.06829143151376,NA
2003,17,NA,NA,NA,NA,NA,9.41266560859792,NA,NA,2.51755816744723,-7.11606082467622,NA
2003,18,NA,NA,NA,1.79023757210651,NA,10.6427554259602,2.47853468603874,NA,1.30509437946375,-9.0362323933172,NA
2003,19,NA,NA,NA,NA,NA,12.0435616380387,NA,NA,1.79942795509799,-8.85118003918582,NA
2003,20,NA,NA,NA,NA,NA,13.4794344751443,NA,NA,2.16839786196953,-8.85262728268744,NA
2003,21,NA,NA,NA,NA,NA,15.0712992430243,NA,NA,1.99739042505031,-8.61374213724313,NA
2003,22,NA,NA,NA,-9.3874821914612,NA,16.6987729864031,1.78576174000067,NA,2.18002491497586,-10.9680800156695,NA
2003,23,NA,NA,NA,NA,NA,18.2550424209399,NA,NA,1.93295183083612,-10.9835141540111,NA
2003,24,NA,NA,NA,NA,NA,19.9608554140803,NA,NA,1.37597590913889,-10.5854898787937,NA
2003,25,NA,NA,NA,NA,NA,21.6393114967027,NA,NA,1.37101648218071,-8.24980918856562,NA
2003,26,NA,NA,NA,NA,NA,23.373211343401,NA,NA,1.48657931151137,-0.460367879569624,1.5
2003,27,NA,NA,NA,-10.4902744992932,NA,24.8272141198726,2.06192872027358,NA,2.19922969042677,0.83582418533318,NA
2003,28,NA,NA,NA,NA,NA,25.8435722945129,NA,NA,1.99437540183909,1.57466966536972,NA
2003,29,NA,NA,NA,NA,NA,26.9266988947553,NA,NA,3.32012517088517,3.68520183739224,NA
2003,30,NA,NA,NA,NA,NA,28.022666564764,NA,NA,2.99951879197012,3.33256756723443,NA
2003,31,NA,NA,NA,-2.95304137161843,NA,29.150790057185,3.57050677847094,NA,1.56445934750113,3.77414493250433,NA
2003,32,NA,NA,NA,NA,NA,29.9962530882681,NA,NA,1.13525811080207,3.54275926911151,NA
2003,33,NA,NA,NA,NA,NA,30.6142614620953,NA,NA,0.980676057440842,2.78266929716578,NA
2003,34,NA,NA,NA,NA,NA,31.2522083254355,NA,NA,1.39253315355651,1.16294416492353,NA
2003,35,NA,NA,NA,8.3561908236372,NA,31.7910369535125,5.03341324739003,NA,1.6453106579193,-1.6455244529961,NA
2003,36,NA,NA,NA,NA,NA,32.5069143358549,NA,NA,0.611671361486339,-1.63382342138475,NA
2003,37,NA,NA,NA,NA,NA,33.1102665525912,NA,NA,0.371074303847248,-3.24171405602139,NA
2003,38,NA,NA,NA,NA,NA,33.2141015492598,NA,NA,-0.412672424529126,-4.04049598335324,NA
2003,39,NA,NA,NA,NA,NA,32.9314451514888,NA,NA,-1.79328096988141,-5.81713302071846,2.5
2003,40,NA,NA,NA,13.1336002061087,NA,32.4135155356121,4.90677877136915,NA,-3.22483837416202,-6.77267185899794,NA
2003,41,NA,NA,NA,NA,NA,32.157501914141,NA,NA,-3.46565129014953,-6.80206772913309,NA
2003,42,NA,NA,NA,NA,NA,31.6444651115982,NA,NA,-4.28324594619362,-7.43341392354283,NA
2003,43,NA,NA,NA,NA,NA,30.9607444859932,NA,NA,-3.91926391487293,-5.95151123655002,NA
2003,44,NA,NA,NA,12.6194602560668,NA,29.1752505223134,3.58562136886998,NA,-2.60952819997757,-2.20290401637343,NA
2003,45,NA,NA,NA,NA,NA,27.18857024033,NA,NA,-3.1265587950069,-3.27720483334934,NA
2003,46,NA,NA,NA,NA,NA,24.9905202395101,NA,NA,-3.2368415996887,-2.42925596953595,NA
2003,47,NA,NA,NA,NA,NA,22.5301945327277,NA,NA,-3.73195553266863,-0.198686082121283,NA
2003,48,NA,NA,NA,7.32684452025145,NA,19.9643066652371,1.46191256572424,NA,-3.879897708076,4.03678827731351,NA
2003,49,NA,NA,NA,NA,NA,16.6699978975322,NA,NA,-2.67220057797734,3.55509582528831,NA
2003,50,NA,NA,NA,NA,NA,12.9494296826736,NA,NA,-1.79476240369556,4.86937917402694,NA
2003,51,NA,NA,NA,NA,NA,9.6258266907004,NA,NA,-0.842526131941809,5.53866567092651,NA
2003,52,NA,NA,NA,NA,NA,6.81528247033992,NA,NA,-1.70459525273109,3.18279527455598,1.8
2004,1,NA,NA,NA,6.16078093894904,NA,4.7864091176255,2.46756865318575,NA,-3.99331820324219,4.52875956812124,NA
2004,2,NA,NA,NA,NA,NA,3.10808653247915,NA,NA,-2.87843708951571,4.00920566072533,NA
2004,3,NA,NA,NA,NA,NA,1.70992995275841,NA,NA,-3.06490296439596,3.03218624511189,NA
2004,4,NA,NA,NA,NA,NA,0.585346765188883,NA,NA,-3.09245128967659,0.662162470995849,NA
2004,5,NA,NA,NA,1.08940519898687,NA,0.701777785851388,2.4557850781664,NA,-3.21504713382984,-5.65169534626669,NA
2004,6,NA,NA,NA,NA,NA,1.21948819745583,NA,NA,-2.31620059190781,-3.79398965822264,NA
2004,7,NA,NA,NA,NA,NA,2.24732867907875,NA,NA,-2.55087073730744,-5.50940326852197,NA
2004,8,NA,NA,NA,NA,NA,3.68785772423225,NA,NA,-2.58310673441515,-6.53562930097674,NA
2004,9,NA,NA,NA,2.66175409999559,NA,5.2817694584479,2.72682198286713,NA,-3.06013713048157,-7.70777441160955,NA
2004,10,NA,NA,NA,NA,NA,7.40969775704497,NA,NA,-4.09591411056396,-7.42701277596855,NA
2004,11,NA,NA,NA,NA,NA,9.79533556083516,NA,NA,-4.90415213371234,-6.64422415584592,NA
2004,12,NA,NA,NA,NA,NA,12.0726070274066,NA,NA,-5.23114397974251,-7.3662812621967,NA
2004,13,NA,NA,NA,NA,NA,14.3745682099351,NA,NA,-1.73047315899146,-2.7491057947772,0.7
2004,14,NA,NA,NA,0.938974034983914,NA,16.3011382863973,0.135318017942027,NA,2.69971338315387,-3.59975757038861,NA
2004,15,NA,NA,NA,NA,NA,17.7303843665992,NA,NA,-0.564093775223206,-3.28892150707175,NA
2004,16,NA,NA,NA,NA,NA,18.8070995932335,NA,NA,-0.322172588080766,-0.676317188295276,NA
2004,17,NA,NA,NA,NA,NA,19.6519408700686,NA,NA,-0.772931485611665,1.95688292635776,NA
2004,18,NA,NA,NA,4.3037511679982,NA,19.869817820065,1.47159846325131,NA,-1.00408607930762,5.16811426192697,NA
2004,19,NA,NA,NA,NA,NA,19.7672698863351,NA,NA,-1.91906787611897,3.62127832398978,NA
2004,20,NA,NA,NA,NA,NA,19.271290088105,NA,NA,-2.6887986858308,6.00046276105133,NA
2004,21,NA,NA,NA,NA,NA,18.3502065115083,NA,NA,-4.24135603214292,5.48936377586491,NA
2004,22,NA,NA,NA,NA,NA,17.0329907511386,NA,NA,-4.60869030640251,5.17968942081929,NA
2004,23,NA,NA,NA,-1.32202114281347,NA,15.3749267696264,1.9314619742162,NA,-5.6467327943941,5.4447905122274,NA
2004,24,NA,NA,NA,NA,NA,13.647350962479,NA,NA,-6.61151399778872,2.0775735979373,NA
2004,25,NA,NA,NA,NA,NA,11.874234276235,NA,NA,-7.36981413781038,2.02380329128884,NA
2004,26,NA,NA,NA,NA,NA,9.69952819069464,NA,NA,-10.0847389773194,-1.05731719301486,2.1
2004,27,NA,NA,NA,-2.26852828310836,NA,7.33053616342923,2.20670940286784,NA,-12.2396245124686,-1.49026937556907,NA
2004,28,NA,NA,NA,NA,NA,4.85014761325848,NA,NA,-9.77090364136146,-1.70859691115454,NA
2004,29,NA,NA,NA,NA,NA,2.76024454176094,NA,NA,-10.7861425658758,-4.17204090001364,NA
2004,30,NA,NA,NA,NA,NA,0.70094239450431,NA,NA,-11.4327408818442,-5.40824538457013,NA
2004,31,NA,NA,NA,-5.39315636698508,NA,-1.08193035381371,-0.800004266707615,NA,-11.1026437835333,-4.65500872550099,NA
2004,32,NA,NA,NA,NA,NA,-2.59207183893514,NA,NA,-12.0931203776465,-4.67378414827562,NA
2004,33,NA,NA,NA,NA,NA,-3.79362016439781,NA,NA,-12.1331328088989,-3.3485620136439,NA
2004,34,NA,NA,NA,NA,NA,-4.66562062071629,NA,NA,-12.0213779903093,-2.40095662994107,NA
2004,35,NA,NA,NA,NA,NA,-5.07698156582387,NA,NA,-12.7655509814563,-0.117015484712801,NA
2004,36,NA,NA,NA,0.946080850422889,NA,-4.87910094175948,-0.861217644934246,NA,-12.4392124964528,-0.296587719565967,NA
2004,37,NA,NA,NA,NA,NA,-4.63378466243716,NA,NA,-11.629185493664,2.66024545013903,NA
2004,38,NA,NA,NA,NA,NA,-4.27636271360507,NA,NA,-11.4867162900851,2.73060081202874,NA
2004,39,NA,NA,NA,NA,NA,-3.66776496126822,NA,NA,-11.4064017422684,3.43880417147015,0.8
2004,40,NA,NA,NA,3.19876754933971,NA,-2.57112114081396,0.593473551981475,NA,-10.9192586122174,3.37477674479832,NA
2004,41,NA,NA,NA,NA,NA,-0.968083827111319,NA,NA,-13.2376794155764,3.48908204744688,NA
2004,42,NA,NA,NA,NA,NA,0.503165740495465,NA,NA,-12.7832868895399,3.83232286139416,NA
2004,43,NA,NA,NA,NA,NA,2.15606578149225,NA,NA,-11.4032890799024,3.68285843739551,NA
2004,44,NA,NA,NA,7.62687435160029,NA,3.82941829092895,3.09744696273533,NA,-10.6928415476496,-1.21948418320978,NA
2004,45,NA,NA,NA,NA,NA,5.44437073970875,NA,NA,-8.29257699428637,-1.03208116108194,NA
2004,46,NA,NA,NA,NA,NA,6.88619641694774,NA,NA,-7.17070845295906,-6.2396941802954,NA
2004,47,NA,NA,NA,NA,NA,8.31325468691426,NA,NA,-5.59114723392179,-7.39133691877479,NA
2004,48,NA,NA,NA,NA,NA,9.90087550079328,NA,NA,-4.23324437732212,-10.8389255212667,NA
2004,49,NA,NA,NA,5.85176068977515,NA,11.2702629070178,3.401243486036,NA,-2.61287088282551,-10.3223492473991,NA
2004,50,NA,NA,NA,NA,NA,12.61263983355,NA,NA,-2.26726797105429,-11.6417473622665,NA
2004,51,NA,NA,NA,NA,NA,14.2169110821723,NA,NA,-1.19174096962158,-12.0082459558596,NA
2004,52,NA,NA,NA,NA,NA,15.7550158134308,NA,NA,1.02112992958526,-7.51799637857151,NA
2004,53,NA,NA,NA,5.52361284752576,NA,17.2254640182187,3.36166107989848,NA,0.731805362061992,-6.22348533092827,2.4
2005,1,NA,NA,NA,NA,NA,18.8423080384668,NA,NA,0.465607700949745,-6.61359732853607,NA
2005,2,NA,NA,NA,NA,NA,20.376281206625,NA,NA,0.208376422033515,-4.02095603491557,NA
2005,3,NA,NA,NA,NA,NA,21.5894919451471,NA,NA,-0.244290955077119,-3.76570402729954,NA
2005,4,NA,NA,NA,NA,NA,22.7719832452141,NA,NA,-0.961191747127702,1.71021767525869,NA
2005,5,NA,NA,NA,1.77519454584503,NA,23.9234175732575,3.19311930176711,NA,-4.0581722266243,0.960822550841904,NA
2005,6,NA,NA,NA,NA,NA,25.141582545344,NA,NA,-4.85273247815903,3.46503956931191,NA
2005,7,NA,NA,NA,NA,NA,26.1749884147834,NA,NA,-4.65232513321234,3.99745044174891,NA
2005,8,NA,NA,NA,NA,NA,26.7521968150765,NA,NA,-4.80418346578828,5.82455897669155,NA
2005,9,NA,NA,NA,1.41095815163198,NA,27.1173650423472,3.4758633365174,NA,-5.89927519609363,5.5095518294564,NA
2005,10,NA,NA,NA,NA,NA,27.6020326891667,NA,NA,-6.86901898307152,4.71934394407178,NA
2005,11,NA,NA,NA,NA,NA,27.4714866373098,NA,NA,-8.6190169253971,5.36228929278472,NA
2005,12,NA,NA,NA,NA,NA,27.2618453167019,NA,NA,-11.6757788060508,-5.14482646135285,NA
2005,13,NA,NA,NA,1.04591307901373,NA,26.5603148003531,3.00586186773982,NA,-11.725318234256,-6.98807190910036,2.5
2005,14,NA,NA,NA,NA,NA,25.2126874211678,NA,NA,-7.33435389807087,-6.24720105688016,NA
2005,15,NA,NA,NA,NA,NA,24.2696361911258,NA,NA,-7.72582425580291,-10.3818843798786,NA
2005,16,NA,NA,NA,NA,NA,23.6755227085862,NA,NA,-7.99887000824391,-10.5926503552769,NA
2005,17,NA,NA,NA,0.934040649392216,NA,23.0490750771103,1.92972063375713,NA,-9.52613797062644,-9.29541328355154,NA
2005,18,NA,NA,NA,NA,NA,22.5104349431775,NA,NA,-6.97631827350558,-6.29654303437154,NA
2005,19,NA,NA,NA,NA,NA,21.6689361347509,NA,NA,-6.00523092192188,-5.52520014571458,NA
2005,20,NA,NA,NA,NA,NA,20.7364949934874,NA,NA,-6.81358336073088,-4.59803215658741,NA
2005,21,NA,NA,NA,NA,NA,19.992333270288,NA,NA,-7.21695579696565,-3.43177706331225,NA
2005,22,NA,NA,NA,2.76356101720861,NA,19.2958918549848,1.90716331115823,NA,-6.23473014521327,-4.05152991701131,NA
2005,23,NA,NA,NA,NA,NA,18.9119286634714,NA,NA,-4.33254135925598,-1.05939107796539,NA
2005,24,NA,NA,NA,NA,NA,18.7126938682015,NA,NA,-1.89491171093351,-0.701015297835082,NA
2005,25,NA,NA,NA,NA,NA,18.5845183444123,NA,2.69209310838693,0.840704636677508,7.18289456662127,NA
2005,26,NA,NA,NA,-0.870832789178431,NA,18.6567303883093,2.19654956908867,-2.66004050784358,-0.885914726243497,7.96660278940058,1
2005,27,NA,NA,NA,NA,NA,18.719192497949,NA,-6.25986710820873,-2.91932710484676,8.60909477815902,NA
2005,28,NA,NA,NA,NA,NA,18.0497197770031,NA,-5.92034842955875,-1.61780474911639,9.921555632889,NA
2005,29,NA,NA,NA,NA,NA,17.1550967280146,NA,-7.33662127385786,-0.622298570430142,10.3425183443463,NA
2005,30,NA,NA,NA,-1.87688794037393,NA,16.1017955212876,4.10685732417611,-6.90421354247367,2.34008065616389,4.16460816022171,NA
2005,31,NA,NA,NA,NA,NA,14.780795908723,NA,-6.23938421171711,2.38237914069964,1.89042811733959,NA
2005,32,NA,NA,NA,NA,NA,13.9727283803219,NA,-4.82840578666925,2.69002987835667,1.03267644359523,NA
2005,33,NA,NA,NA,NA,NA,13.5672538455125,NA,-5.25887719381743,3.04088512052029,-0.42530860559408,NA
2005,34,NA,NA,NA,NA,NA,13.0994610584278,NA,-3.40575403451917,2.86380476344464,-1.89846506670729,NA
2005,35,NA,NA,NA,-5.84619988829112,NA,12.6749640954296,3.5910501305771,-3.4265648549729,2.51583402710713,-2.29998140443682,NA
2005,36,NA,NA,NA,NA,NA,11.7906350324386,NA,-2.93107639689837,1.75636488355993,-4.39096858365104,NA
2005,37,NA,NA,NA,NA,NA,11.4776015855144,NA,-1.51480310577527,0.812640564003054,-4.82515384076467,NA
2005,38,NA,NA,NA,NA,NA,11.546366575734,NA,-0.0987016054679117,0.289623082966317,-7.44256305254802,NA
2005,39,NA,NA,NA,0.232964578280909,NA,11.9456506799933,4.19559319374382,1.47380465785087,4.58956271094418,-7.49705757338623,2.8
2005,40,NA,NA,NA,NA,NA,12.7687735999997,NA,1.3295786578751,3.99091081038984,-8.81543430330621,NA
2005,41,NA,NA,NA,NA,NA,13.7308809586085,NA,1.69141225895224,4.78800001240269,-7.77181211744381,NA
2005,42,NA,NA,NA,NA,NA,14.5102638608614,NA,1.73759782509532,3.72666865009588,-7.73662771761278,NA
2005,43,NA,NA,NA,NA,NA,15.1640001726097,NA,1.68856151224949,2.81242725868252,-4.69805856564454,NA
2005,44,NA,NA,NA,3.54791501097597,NA,15.840105327138,3.48872590004405,1.32663958057009,0.73997885256657,-3.4714284684779,NA
2005,45,NA,NA,NA,NA,NA,16.2920029828594,NA,2.20130120526129,-0.219542681779589,-1.84770392035366,NA
2005,46,NA,NA,NA,NA,NA,16.3423647784542,NA,2.71842239892309,-0.474519891512498,-0.414156895854917,NA
2005,47,NA,NA,NA,NA,NA,16.2101794585538,NA,3.07917681073353,0.276346505853717,1.22584876963805,NA
2005,48,NA,NA,NA,7.98111243372382,NA,15.5678282633815,4.37102357587895,3.60645956719617,0.546751463072241,2.30074798977472,NA
2005,49,NA,NA,NA,NA,NA,14.6481870812195,NA,2.98613063663349,-0.00761405936584373,2.90556697693355,NA
2005,50,NA,NA,NA,NA,NA,12.835797073043,NA,1.92584726875337,-0.578124594259744,3.40982790962337,NA
2005,51,NA,NA,NA,NA,NA,10.3164371374931,NA,2.15510331504438,-1.39515802532229,5.98255477560138,NA
2005,52,NA,NA,NA,5.43427413161018,NA,7.34495108430767,4.24872738393162,0.234301352495724,-1.96905404063223,17.1938359964778,2.4
2006,1,NA,NA,NA,NA,NA,4.21227799795199,NA,0.675295025619232,-1.43864812401893,17.7116230073811,NA
2006,2,NA,NA,NA,NA,NA,1.57804513749628,NA,0.0090157136478787,-1.91826550120478,16.3898801441524,NA
2006,3,NA,NA,NA,NA,NA,-0.498499015610054,NA,-0.076734192233291,-2.39991139047828,15.9532134016183,NA
2006,4,NA,NA,NA,NA,NA,-2.31575720896559,NA,0.350666889135688,-4.43642946422557,16.2828827639151,NA
2006,5,NA,NA,NA,6.36452651603561,NA,-4.25888062757331,3.7020492243679,-0.503789613405724,-0.728775537976745,15.5306961373931,NA
2006,6,NA,NA,NA,NA,NA,-6.50042927449801,NA,-2.31752802208226,0.224324182783545,14.8315385972787,NA
2006,7,NA,NA,NA,NA,NA,-8.81905115582287,NA,-3.19405872520414,0.390948281610564,13.9383984421291,NA
2006,8,NA,NA,NA,NA,NA,-10.9047245368842,NA,-6.29729763242734,1.70975880575124,12.163784359003,NA
2006,9,NA,NA,NA,3.81725735050298,NA,-11.9893290014364,2.61053424796253,-6.37607366974467,1.72090358451368,12.3139604360991,NA
2006,10,NA,NA,NA,NA,NA,-12.6413645577852,NA,-6.35453406752925,2.72299699730994,13.6252998113029,NA
2006,11,NA,NA,NA,NA,NA,-12.6517348636755,NA,-6.66219227601506,4.41145991187008,12.7433717348407,NA
2006,12,NA,NA,NA,NA,NA,-12.0253703988593,NA,-7.6701937096935,5.49208234216699,9.67293165474348,NA
2006,13,NA,NA,NA,4.68204964063846,NA,-11.1109017843295,0.497926339960736,-6.35219155357177,3.52057599553577,-12.3390713630618,0
2006,14,NA,NA,NA,NA,NA,-10.1592171948106,NA,-7.0478612545952,5.0144005297993,-11.7861896539529,NA
2006,15,NA,NA,NA,NA,NA,-9.42687216711313,NA,-7.52315179243327,4.75811041205913,-10.2841349819267,NA
2006,16,NA,NA,NA,NA,NA,-9.32383508902421,NA,-7.20818035632558,8.86929592368539,-9.30582879803892,NA
2006,17,NA,NA,NA,2.48887615334309,NA,-9.36476159290813,-0.386207376594353,-8.35784629066812,12.5202884448227,-9.29108591204509,NA
2006,18,NA,NA,NA,NA,NA,-8.80984026165557,NA,-5.98489190909242,12.7392628801061,-10.9735853698578,NA
2006,19,NA,NA,NA,NA,NA,-7.7729210848973,NA,-4.05253789689713,11.6517595816769,-12.0418985989651,NA
2006,20,NA,NA,NA,NA,NA,-6.31917942420032,NA,-2.7186754981863,13.0079800791268,-12.0336166297256,NA
2006,21,NA,NA,NA,NA,NA,-4.96704432333976,NA,0.509704903326551,11.7181075480761,-12.1460512488603,NA
2006,22,NA,NA,NA,4.39631234211162,NA,-4.00432891521113,-0.71527127508633,-0.253927339354298,12.8690169154499,-12.9160516404063,NA
2006,23,NA,NA,NA,NA,NA,-3.24868344244996,NA,2.29586327886101,13.0493328783367,-15.3439185708283,NA
2006,24,NA,NA,NA,NA,NA,-3.20638765175633,NA,3.6687751530337,11.2631319359401,-14.5994547347386,NA
2006,25,NA,NA,NA,NA,NA,-3.59999832662679,NA,5.01373785686283,10.9120064195742,-12.1438988726262,NA
2006,26,NA,NA,NA,0.419727793533992,NA,-4.25781195730858,1.37025986122011,4.14176905891873,11.1204644460642,-0.357569724174137,2.7
2006,27,NA,NA,NA,NA,NA,-5.01503112562716,NA,4.90015814043129,9.07234953529203,-2.94198309050773,NA
2006,28,NA,NA,NA,NA,NA,-5.86157408748264,NA,6.91790481102757,11.1404916536236,-3.12599077675855,NA
2006,29,NA,NA,NA,NA,NA,-6.15355672582937,NA,8.15517751320967,7.83758091467124,-3.57415105412496,NA
2006,30,NA,NA,NA,NA,NA,-6.12923066118281,NA,9.39598502822484,6.70994297922633,-3.39980617798021,NA
2006,31,NA,NA,NA,-1.63462643103164,NA,-6.51977462544565,3.36988408787945,8.41945011414465,3.32878922320728,-0.0155845101505918,NA
2006,32,NA,NA,NA,NA,NA,-7.11248187497151,NA,7.43186057733357,5.28945930001125,0.528944220554894,NA
2006,33,NA,NA,NA,NA,NA,-7.8662789941054,NA,6.34326774124847,3.4082795000429,2.45250533567835,NA
2006,34,NA,NA,NA,NA,NA,-8.21365005126175,NA,5.70826225963593,3.96102264618889,3.67934173890717,NA
2006,35,NA,NA,NA,-8.43616299542998,NA,-8.62558140538213,4.79747072711184,7.07557182842909,2.04734904432972,5.62422062390129,NA
2006,36,NA,NA,NA,NA,NA,-8.51027060514819,NA,3.66945299387676,1.76991887141091,8.1055129844706,NA
2006,37,NA,NA,NA,NA,NA,-7.03506898069558,NA,1.30413796075531,3.06774906300741,8.82255889984184,NA
2006,38,NA,NA,NA,NA,NA,-5.5646666544801,NA,0.786535890819629,3.26312611604564,7.46912466569375,NA
2006,39,NA,NA,NA,-6.15412721785305,NA,-3.99136220413942,4.62725460105261,0.478577680901229,3.81199269973301,7.46735961154587,1.8
2006,40,NA,NA,NA,NA,NA,-2.32794625917602,NA,-0.30396782380793,4.59411119347617,11.5154279808215,NA
2006,41,NA,NA,NA,NA,NA,-0.579144284631572,NA,-1.7031783245485,1.25105856727531,11.76684733908,NA
2006,42,NA,NA,NA,NA,NA,0.742359049805776,NA,-3.31401854046492,1.0832701647779,12.3778914773427,NA
2006,43,NA,NA,NA,NA,NA,1.90019034858207,NA,-4.70878044642105,-0.522203975569568,12.9714354044976,NA
2006,44,NA,NA,NA,-5.74399057489148,NA,3.33081698035243,3.67302568949206,-5.55687795390586,-0.24865168150837,11.7683411941404,NA
2006,45,NA,NA,NA,NA,NA,4.8906715705446,NA,-5.46962261426475,-2.38633556607411,12.6397342515529,NA
2006,46,NA,NA,NA,NA,NA,6.67512842785257,NA,-4.43435475099543,-0.371213193738946,11.5580611398408,NA
2006,47,NA,NA,NA,NA,NA,8.30037665126148,NA,-6.01682141997226,-1.74680865906228,10.8571906326468,NA
2006,48,NA,NA,NA,-0.334821741366017,NA,9.84410649883323,3.46556532345273,-6.33799615068212,-2.01811923584726,9.61135000182797,NA
2006,49,NA,NA,NA,NA,NA,10.9788190462531,NA,-4.70613942677894,-2.60013595010131,8.61980210600165,NA
2006,50,NA,NA,NA,NA,NA,11.0682570414181,NA,-3.32326155324695,-3.37631680737354,8.07160679890394,NA
2006,51,NA,NA,NA,NA,NA,11.4865728564733,NA,-2.80391918539706,-3.98828320327918,8.70063173909758,NA
2006,52,NA,NA,NA,-2.36630759300167,NA,12.1028657997502,3.77403279828471,-2.18367188220399,-5.64157620345675,6.2175764746596,3
2007,1,NA,NA,NA,NA,NA,12.7173023738442,NA,-1.32840043784473,-5.70751635209443,4.19799071646849,NA
2007,2,NA,NA,NA,NA,NA,13.3359673170933,NA,-2.8813499757306,-5.76278254905909,4.64326132084748,NA
2007,3,NA,NA,NA,NA,NA,14.3907034376585,NA,-2.67099768026086,-5.95655821674377,4.32846716571285,NA
2007,4,NA,NA,NA,NA,NA,15.4681494693986,NA,-1.14802240306026,-5.86905286226217,4.30811975078402,NA
2007,5,NA,NA,NA,-0.394922939233025,NA,16.3893045955691,4.82748330577956,0.303573885613172,-5.7080345487472,3.70042125205187,NA
2007,6,NA,NA,NA,NA,NA,17.1675926321133,NA,0.313765673655557,-5.60043732024371,3.66017339532706,NA
2007,7,NA,NA,NA,NA,NA,17.4269839963399,NA,-0.529490244124535,-8.21842379064904,2.95385009859963,NA
2007,8,NA,NA,NA,NA,NA,17.2977642812211,NA,1.43614753705074,-9.19245699172788,3.73538232673144,NA
2007,9,NA,NA,NA,0.557415044181406,NA,16.8054717956081,4.95887412927092,0.114271262257766,-8.51721623340689,4.05948468704493,NA
2007,10,NA,NA,NA,NA,NA,15.9761149353182,NA,0.862666561117613,-9.53185897269086,4.46067223503112,NA
2007,11,NA,NA,NA,NA,NA,15.2567943955965,NA,0.949930373399586,-10.6905052607098,5.03463333132919,NA
2007,12,NA,NA,NA,NA,NA,14.2095711421161,NA,-0.518902596217486,-10.4354713710585,7.42515892924531,NA
2007,13,NA,NA,NA,4.24170729033383,NA,12.9002885416021,4.64517632375007,-0.144290227891219,-10.1096314670007,12.2635805171099,3.1
2007,14,NA,NA,NA,NA,NA,11.5521964547812,NA,0.242398326001314,-12.3079361494453,11.756516398386,NA
2007,15,NA,NA,NA,NA,NA,10.1762773072695,NA,3.80687819302889,-9.18217938764404,10.4343278250878,NA
2007,16,NA,NA,NA,NA,NA,8.41256405626774,NA,4.05940768001849,-8.4079998726154,10.0250024077052,NA
2007,17,NA,NA,NA,NA,NA,6.43885786500432,NA,4.39435001151955,-6.83266476881839,7.49178345341605,NA
2007,18,NA,NA,NA,5.87274354063847,NA,4.27171300712322,3.4261493434447,2.29037782128492,-2.19314439940487,10.5816095266061,NA
2007,19,NA,NA,NA,NA,NA,2.00399841307978,NA,3.55966443830447,-1.88361458150583,10.2477791001493,NA
2007,20,NA,NA,NA,NA,NA,0.180000130038675,NA,3.35922615847605,0.962412136385418,11.0119664584534,NA
2007,21,NA,NA,NA,NA,NA,-1.26543703252804,NA,3.44612005083812,5.20538991778464,10.634760235581,NA
2007,22,NA,NA,NA,4.98748347079244,NA,-2.07618081291539,3.65749625089242,5.54184199861184,5.13219719319896,10.4750498929528,NA
2007,23,NA,NA,NA,NA,NA,-2.20732106031151,NA,5.58253879379867,7.44237406576466,9.02056736961018,NA
2007,24,NA,NA,NA,NA,NA,-2.32362126683074,NA,5.77993962364533,10.4886121365323,7.9647901484422,NA
2007,25,NA,NA,NA,NA,NA,-2.05669014245551,NA,7.58713802807751,11.3441067403728,6.12124773667236,NA
2007,26,NA,NA,NA,5.32040360634645,NA,-1.3928513705756,3.65894474322922,5.92808177703052,12.7177112827443,3.38930446198099,2.8
2007,27,NA,NA,NA,NA,NA,-0.713456273996378,NA,4.61655837646061,16.7823984763351,5.94608097133411,NA
2007,28,NA,NA,NA,NA,NA,0.0172662357486203,NA,3.95117180193929,14.4883326353634,7.30411286051479,NA
2007,29,NA,NA,NA,NA,NA,1.04573900184967,NA,5.33873998338314,15.2082530295816,7.53184078549921,NA
2007,30,NA,NA,NA,NA,NA,2.51636935946215,NA,4.20412260209181,13.4987558551289,11.5651571716393,NA
2007,31,NA,NA,NA,4.22708378299063,NA,4.14483856371045,4.04424158480188,6.07892978954063,8.94200642339339,7.256918841839,NA
2007,32,NA,NA,NA,NA,NA,5.85507732047943,NA,4.59817221438843,11.7799270964413,7.58953871943353,NA
2007,33,NA,NA,NA,NA,NA,7.21440555415388,NA,6.48945925872466,12.226035487121,8.88169936502366,NA
2007,34,NA,NA,NA,NA,NA,8.27824102890747,NA,4.41437458752348,10.4892230956369,9.80225033516107,NA
2007,35,NA,NA,NA,4.49804435242,NA,9.15126868874121,3.21275910778895,3.26640453373815,12.3856548046536,10.5889270185747,NA
2007,36,NA,NA,NA,NA,NA,9.65226857321886,NA,1.62086916039848,13.186617433455,11.4176247738997,NA
2007,37,NA,NA,NA,NA,NA,10.2527182652617,NA,0.452132026361436,12.1302869191216,11.5960498925874,NA
2007,38,NA,NA,NA,NA,NA,10.4646458951268,NA,-0.808982038943706,11.9807981303385,9.41297704289851,NA
2007,39,NA,NA,NA,1.13344850741066,NA,10.2426093493673,2.54674973790757,2.35362059943234,14.3514125112929,8.63421714416515,2.7
2007,40,NA,NA,NA,NA,NA,10.2129326830692,NA,3.83793692311473,12.1921049190745,4.8749763656632,NA
2007,41,NA,NA,NA,NA,NA,10.0524627878615,NA,2.20859480699496,13.0697724468534,3.58334945393625,NA
2007,42,NA,NA,NA,NA,NA,9.63460633501382,NA,-0.154637373502438,12.6338970663789,3.50922629393173,NA
2007,43,NA,NA,NA,NA,NA,8.66323015288184,NA,0.952279488795349,14.7322611636875,1.09943573612944,NA
2007,44,NA,NA,NA,-5.13739796746322,NA,7.7597752817755,1.98472910894831,0.314833513934931,14.7821822537488,1.97792648840547,NA
2007,45,NA,NA,NA,NA,NA,6.54859425346935,NA,-0.475380928876341,12.3606052799565,2.35238657896082,NA
2007,46,NA,NA,NA,NA,NA,5.62637619058122,NA,-2.04991007587545,8.66398078376417,-2.47997779290536,NA
2007,47,NA,NA,NA,NA,NA,4.5925967841461,NA,0.340286085692514,7.6219631042684,-3.37242869628165,NA
2007,48,NA,NA,NA,-9.42995682984014,NA,3.38921823319726,0.899286636056381,-0.871374757204491,4.54440337751084,-3.74195107509104,NA
2007,49,NA,NA,NA,NA,NA,2.08787523465477,NA,1.15460457013494,1.1445528817821,-2.91873338347494,NA
2007,50,NA,NA,NA,NA,NA,0.689051216866308,NA,3.35480102582785,-1.43857024824159,-2.16719400055816,NA
2007,51,NA,NA,NA,NA,NA,-0.529369725469191,NA,4.40150578401945,-2.94958063218325,0.15732339511814,NA
2007,52,NA,NA,NA,NA,NA,-1.67671698771724,NA,2.28033305080762,-5.0453871713294,6.72371517805892,1.5
2008,1,NA,NA,NA,-7.44232803701132,NA,-3.19631727017224,1.6477772065706,1.79450761859843,-5.56292527555139,10.2533016042086,NA
2008,2,NA,NA,NA,NA,NA,-4.7003768546386,NA,4.08842899753006,-7.63944151286605,11.6130948515366,NA
2008,3,NA,NA,NA,NA,NA,-6.34044201705249,NA,5.71016600220254,-10.79814662964,13.5585087134163,NA
2008,4,NA,NA,NA,NA,NA,-8.23883658215291,NA,3.53856430696894,-14.5390280216854,15.0697267696798,NA
2008,5,NA,NA,NA,0.589972212718832,NA,-10.1340669450085,1.50712072537882,3.92588208963205,-16.8281580839571,17.4234446316547,NA
2008,6,NA,NA,NA,NA,NA,-11.1915785008977,NA,5.83986709772685,-19.8651416193243,17.050928817387,NA
2008,7,NA,NA,NA,NA,NA,-12.1055413134887,NA,5.6914970729145,-19.055593728513,24.2573520917077,NA
2008,8,NA,NA,NA,NA,NA,-12.2993125897145,NA,4.26263499499066,-21.6830307457933,25.0443909740978,NA
2008,9,NA,NA,NA,6.92150690214729,NA,-12.0875836525671,2.73747778103111,5.73628129242142,-20.9418919781524,25.1338623076647,NA
2008,10,NA,NA,NA,NA,NA,-11.7311155078991,NA,3.84010974400694,-20.3004817165125,25.0217599882452,NA
2008,11,NA,NA,NA,NA,NA,-11.2915351434821,NA,2.4287581243079,-16.5903365164701,26.7702798653513,NA
2008,12,NA,NA,NA,NA,NA,-11.1244645558825,NA,1.41770259725488,-16.916081806381,26.5108794382047,NA
2008,13,NA,NA,NA,NA,NA,-11.0318564839899,NA,0.773888638979773,-20.5823319060582,15.6801669344514,-0.4
2008,14,NA,NA,NA,9.57114639188588,NA,-10.9068551239931,0.967040503168248,0.660537326160207,-18.8822535143854,15.0511361558655,NA
2008,15,NA,NA,NA,NA,NA,-10.9407146619161,NA,-2.30521346402552,-15.3838264540125,16.3348561973596,NA
2008,16,NA,NA,NA,NA,NA,-10.3720397330776,NA,-2.90460449365659,-10.0112912848503,14.2782943794397,NA
2008,17,NA,NA,NA,NA,NA,-8.96901962518645,NA,-0.925343074957654,-5.57193764998723,13.6027964689818,NA
2008,18,NA,NA,NA,10.4022722816166,NA,-7.57103792381636,0.307489809594335,-2.06293133960841,-1.06800701544169,12.4749625773606,NA
2008,19,NA,NA,NA,NA,NA,-6.85260800683027,NA,-3.32062133069092,7.05923133323341,14.2822857528161,NA
2008,20,NA,NA,NA,NA,NA,-6.77005407570677,NA,-2.98504162926579,11.927537122466,9.15079727013591,NA
2008,21,NA,NA,NA,NA,NA,-7.51222739300306,NA,-3.15179937270261,19.8697025086139,8.55515129085646,NA
2008,22,NA,NA,NA,8.82634008984601,NA,-8.51212229932607,-1.53612851614874,-2.44291792634304,24.1837530573253,7.54884609238832,NA
2008,23,NA,NA,NA,NA,NA,-9.3243655104113,NA,-2.17057104042996,28.7782603813189,6.53297397816251,NA
2008,24,NA,NA,NA,NA,NA,-10.0980419017749,NA,-3.06780182584837,28.9722622484402,1.95978435552066,NA
2008,25,NA,NA,NA,NA,NA,-10.4853057627081,NA,-2.51840227863421,33.9080828046016,-0.642854656310491,NA
2008,26,NA,NA,NA,NA,NA,-10.5632585570645,NA,-0.880935692919495,42.5934500443434,5.48399520437542,0.5
2008,27,NA,NA,NA,5.32222251809165,NA,-10.5391759356362,-2.03276995056704,-1.5377983691133,42.1295252473245,3.80019475066302,NA
2008,28,NA,NA,NA,NA,NA,-10.0879256750091,NA,-0.162217038582353,40.8010175087316,-1.52830908324524,NA
2008,29,NA,NA,NA,NA,NA,-10.1889192435273,NA,-0.336238534882987,39.9039731322148,-2.98492306056796,NA
2008,30,NA,NA,NA,NA,NA,-10.5540750951742,NA,-1.84989226725754,40.8861401773433,-4.47462159613649,NA
2008,31,NA,NA,NA,-1.55418378471765,NA,-10.9978337064981,-2.39691901129963,-1.31566477853,42.626567552151,-7.02644301903591,NA
2008,32,NA,NA,NA,NA,NA,-11.1774217337265,NA,-0.954898318798117,38.6931545478411,-13.3948010197188,NA
2008,33,NA,NA,NA,NA,NA,-10.7429740212335,NA,-1.82565688406859,36.2318772959167,-14.9601755801426,NA
2008,34,NA,NA,NA,NA,NA,-9.50167457518017,NA,-2.16031290755929,32.9055219395287,-17.799489192659,NA
2008,35,NA,NA,NA,-4.31582128906348,NA,-8.35258852077318,-2.28146777661712,-3.02837817845038,31.1371458043488,-20.1413131242335,NA
2008,36,NA,NA,NA,NA,NA,-7.37043861649232,NA,-2.97444517045622,27.9534683764041,-21.3289458960451,NA
2008,37,NA,NA,NA,NA,NA,-6.59857607047135,NA,-1.97833982766213,26.9468412550083,-20.2886286481399,NA
2008,38,NA,NA,NA,NA,NA,-6.57249314552255,NA,-1.93647773377232,24.1648622859699,-18.4647015472136,NA
2008,39,NA,NA,NA,NA,NA,-7.12983184773537,NA,-3.03124434436412,18.2717847547484,-22.2577174007228,-1.4
2008,40,NA,NA,NA,-5.92584608127667,NA,-8.22605424957028,-2.21178052536189,-3.76379636093408,19.8641470077138,-23.3856805440436,NA
2008,41,NA,NA,NA,NA,NA,-10.6669160756924,NA,-3.11156651252153,22.7188979895545,-21.0415851902868,NA
2008,42,NA,NA,NA,NA,NA,-12.5788271743843,NA,-4.2989434650018,23.7995576225632,-20.3924675027267,NA
2008,43,NA,NA,NA,NA,NA,-14.8486867382228,NA,-2.76092739886043,23.2372402852378,-20.7997756750615,NA
2008,44,NA,NA,NA,-6.67926505773492,NA,-17.7893114179164,-1.90481949706946,-2.26060977963682,22.1755934517213,-20.1559473274536,NA
2008,45,NA,NA,NA,NA,NA,-21.035382896776,NA,-2.61486798361756,21.4920395022279,-16.4219701541563,NA
2008,46,NA,NA,NA,NA,NA,-25.08210650989,NA,-3.56965534417213,22.4177663379552,-10.214210289442,NA
2008,47,NA,NA,NA,NA,NA,-30.6119612552088,NA,-3.17269509242564,23.3826519199909,-7.02852779251341,NA
2008,48,NA,NA,NA,-9.50624404248837,NA,-36.6700083937085,-1.27506281187824,-2.27744616852118,25.1414224502511,-5.49764403858937,NA
2008,49,NA,NA,NA,NA,NA,-43.3815135329661,NA,-2.80012981103045,28.0241850537293,-5.45278781958142,NA
2008,50,NA,NA,NA,NA,NA,-50.435142707714,NA,-3.34626807461719,31.0745456160632,-5.73818161809325,NA
2008,51,NA,NA,NA,NA,NA,-56.2983119976947,NA,-5.71893202632095,33.6429960438927,-6.90197187355789,NA
2008,52,NA,NA,NA,NA,NA,-61.4145962455873,NA,-7.19490825981331,36.9164912073341,-5.65520870522321,-1
2009,1,NA,NA,NA,-11.0869552020408,NA,-64.8495524730223,-0.0913242072603737,-6.21506079185821,34.0138114393478,-6.38799308584396,NA
2009,2,NA,NA,NA,NA,NA,-64.7431848654861,NA,-9.14108964162604,34.3742084618149,-7.05101676502188,NA
2009,3,NA,NA,NA,NA,NA,-65.4012994349612,NA,-5.86875476114708,36.6928287011578,-8.58166082541289,NA
2009,4,NA,NA,NA,NA,NA,-64.9342334140841,NA,-7.89370843011842,39.1691944890726,-10.2119180958324,NA
2009,5,NA,NA,NA,-6.70884290808449,NA,-62.7388351188072,-4.30375116799821,-9.32968291733474,42.4047570248156,-10.0916819269235,NA
2009,6,NA,NA,NA,NA,NA,-60.3965932782473,NA,-9.73865250888791,47.0816515263549,-12.4821163884536,NA
2009,7,NA,NA,NA,NA,NA,-56.881519060156,NA,-5.95961451111599,48.5676199273998,-22.2075426852449,NA
2009,8,NA,NA,NA,NA,NA,-51.8951473688819,NA,-5.79302020229944,48.5295006198962,-24.3264274652042,NA
2009,9,NA,NA,NA,-3.38075976191458,NA,-46.6878475345915,-9.11027282484725,-7.92965299701661,46.9772932223147,-23.6269271735736,NA
2009,10,NA,NA,NA,NA,NA,-40.9730197627091,NA,-6.59691731479489,45.9557432326771,-23.3587177309924,NA
2009,11,NA,NA,NA,NA,NA,-34.7282414945943,NA,-6.21460286819763,44.0515190727202,-23.2693874548885,NA
2009,12,NA,NA,NA,NA,NA,-28.9810790245049,NA,-3.16557344121969,41.8586897864539,-24.0711616083495,NA
2009,13,NA,NA,NA,NA,NA,-23.3103054642806,NA,-0.933603921813672,40.663475970989,-23.4223818807482,-12.3
2009,14,NA,NA,NA,-2.85897116458864,NA,-18.7747535427293,-16.2868330815616,0.512471922249024,45.8303692705145,-22.0679199471319,NA
2009,15,NA,NA,NA,NA,NA,-17.066809452515,NA,2.86235919847688,42.2893460559205,-23.2416303784403,NA
2009,16,NA,NA,NA,NA,NA,-15.0332637330668,NA,0.134951027098269,35.7270440357732,-21.317485888891,NA
2009,17,NA,NA,NA,NA,NA,-13.8525863556586,NA,1.59347754475514,28.7942466347017,-18.1387848468272,NA
2009,18,NA,NA,NA,-7.43232249689834,NA,-13.7757824346911,-12.4016572983184,2.93414136066446,20.3507347789085,-17.8540889038889,NA
2009,19,NA,NA,NA,NA,NA,-13.4227507977772,NA,3.7354702663446,13.5713803952917,-15.2621368139761,NA
2009,20,NA,NA,NA,NA,NA,-13.3747271752431,NA,0.631370566911932,7.8316973570635,-10.4093159295851,NA
2009,21,NA,NA,NA,NA,NA,-13.1494058591614,NA,-0.038307719982945,3.98434396963021,-12.416846725033,NA
2009,22,NA,NA,NA,-7.06450650485006,NA,-11.6810046246074,-8.92043603246399,-0.143822075441592,1.20020830941435,-13.3141361072625,NA
2009,23,NA,NA,NA,NA,NA,-9.02419526077951,NA,-2.3214747776974,-2.57164630245522,-12.0012645271962,NA
2009,24,NA,NA,NA,NA,NA,-6.20606372750607,NA,-2.94005214108105,-6.35997996101049,-11.0562896298513,NA
2009,25,NA,NA,NA,NA,NA,-3.97155315807377,NA,-4.15276181900755,-9.18499522933779,-7.49869007561195,NA
2009,26,NA,NA,NA,NA,NA,-2.19650055496758,NA,-4.98938383543315,-12.9419749834104,-3.78216023147187,-1.1
2009,27,NA,NA,NA,-2.46636106907452,NA,-0.505517390159984,-2.39402075460082,-7.90415322829276,-17.9936118184364,-0.859829396614443,NA
2009,28,NA,NA,NA,NA,NA,1.51226766820717,NA,-8.19476674325884,-17.5095623390951,2.66640289377691,NA
2009,29,NA,NA,NA,NA,NA,3.68114060436182,NA,-7.81879444663635,-15.5127912497114,4.06289354469256,NA
2009,30,NA,NA,NA,NA,NA,5.99818361916215,NA,-7.98026835446165,-12.4566727761957,4.14806291452749,NA
2009,31,NA,NA,NA,3.02783593062609,NA,8.73787204852162,-3.02137785964965,-9.00418480288766,-8.27707873241955,6.04585289858627,NA
2009,32,NA,NA,NA,NA,NA,11.7413046330951,NA,-8.91482755747846,-6.76076388934731,7.02211885357445,NA
2009,33,NA,NA,NA,NA,NA,14.7417284221476,NA,-7.60851513347917,-4.83217249781026,10.5020960395205,NA
2009,34,NA,NA,NA,NA,NA,17.1957054301723,NA,-6.64438841719431,-3.46482930827668,15.5132134568028,NA
2009,35,NA,NA,NA,NA,NA,20.4174944891737,NA,-4.72602363143421,-2.97879334793171,17.6665370326748,NA
2009,36,NA,NA,NA,3.03866095682369,NA,22.1483291975811,-1.99563163834593,-2.57823839539115,-1.66193491682834,17.9591120859524,NA
2009,37,NA,NA,NA,NA,NA,24.599618948636,NA,-1.93661478255405,0.311772589118599,18.6145747932007,NA
2009,38,NA,NA,NA,NA,NA,27.6952726718577,NA,-1.25259316133371,2.32602672215178,17.5396555218281,NA
2009,39,NA,NA,NA,NA,NA,31.3171583826467,NA,-1.1728145724481,5.09905748249948,12.1543516458019,0.1
2009,40,NA,NA,NA,0.118835426937871,NA,34.4267766414405,-4.10285136412177,-1.29911834388184,5.19607663202195,9.74585004800765,NA
2009,41,NA,NA,NA,NA,NA,37.0685891621862,NA,-0.252249157084582,4.07351583982401,9.80746613126595,NA
2009,42,NA,NA,NA,NA,NA,39.4428850673295,NA,0.0696217322965533,3.82661290340376,9.38972726510305,NA
2009,43,NA,NA,NA,NA,NA,41.3735614203676,NA,0.709595093272306,3.15525136052292,9.39014833348936,NA
2009,44,NA,NA,NA,-2.06802052375386,NA,42.68114090003,-5.20861644718136,1.95238160058715,2.08022185477383,10.0061017751893,NA
2009,45,NA,NA,NA,NA,NA,42.9285310354688,NA,1.81197934879597,2.38065656134419,10.1784015580839,NA
2009,46,NA,NA,NA,NA,NA,42.392523695036,NA,2.07494846919577,3.04637182461577,6.97567018667195,NA
2009,47,NA,NA,NA,NA,NA,41.5972331623753,NA,2.28334212045048,3.15102157816058,5.45725593761783,NA
2009,48,NA,NA,NA,NA,NA,37.8774601172335,NA,2.19193916836319,3.23143563235916,5.31291127039585,NA
2009,49,NA,NA,NA,-2.49567319738676,NA,34.2559978863918,-7.92031945418181,2.42814230790596,3.66843186394666,6.19892184308951,NA
2009,50,NA,NA,NA,NA,NA,28.9234865274455,NA,4.06179910622249,3.07731485403901,6.84684487005357,NA
2009,51,NA,NA,NA,NA,NA,23.3333922553324,NA,3.09694588501878,2.02566214906636,7.13623333527963,NA
2009,52,NA,NA,NA,NA,NA,16.8570445767342,NA,4.16409217950458,0.34797910247327,10.8033092910439,NA
2009,53,NA,NA,NA,-1.37520851889772,NA,11.507550462931,-6.33535283573286,8.39615790868259,-2.42027648297407,12.8534032440971,-1.7
2010,1,NA,NA,NA,NA,NA,7.23231084848415,NA,7.08163806223197,-2.60654048641807,13.3754180046392,NA
2010,2,NA,NA,NA,NA,NA,3.72645120717988,NA,7.31418927595085,-3.67821688237711,15.1310483026094,NA
2010,3,NA,NA,NA,NA,NA,1.07401061443866,NA,6.73208521588202,-5.10197412604631,17.0367747105373,NA
2010,4,NA,NA,NA,-0.779146884377332,NA,-0.984063693251273,-4.87607873976433,6.72122997083435,-7.48380041011337,17.1590349539344,NA
2010,5,NA,NA,NA,NA,NA,-1.84169043238502,NA,6.99302946476036,-8.71991935422641,16.8549830625817,NA
2010,6,NA,NA,NA,NA,NA,-2.31010347192666,NA,6.61939502192446,-10.9250896156889,18.6253940663389,NA
2010,7,NA,NA,NA,NA,NA,-2.66035781772015,NA,6.41606650201628,-13.4446156140535,20.0657315000721,NA
2010,8,NA,NA,NA,1.5522699740509,NA,-1.86234361366761,-2.02027073175195,4.96833161960408,-14.0285871273272,20.4498622810737,NA
2010,9,NA,NA,NA,NA,NA,-0.435749217947461,NA,4.60073715898017,-15.5290761291874,19.2617567028073,NA
2010,10,NA,NA,NA,NA,NA,1.88134554581956,NA,1.63652417864812,-18.5872559675287,17.9913624262321,NA
2010,11,NA,NA,NA,NA,NA,4.60150299919207,NA,1.78176714799631,-18.422132733296,18.8785435093316,NA
2010,12,NA,NA,NA,NA,NA,7.95824563766668,NA,0.443035691046075,-18.4854588108945,17.4152646826263,NA
2010,13,NA,NA,NA,1.49390289485059,NA,10.6986480884093,-0.736199644106908,-3.10015717339785,-7.27933400367382,16.0928020092442,0.7
2010,14,NA,NA,NA,NA,NA,12.869589096582,NA,-4.74316327969103,0.431618869587031,15.770041375018,NA
2010,15,NA,NA,NA,NA,NA,14.2337770519077,NA,-5.28462677372066,6.71310175262739,12.8828722232272,NA
2010,16,NA,NA,NA,NA,NA,14.6666710422287,NA,-5.54309820367235,10.5218773998819,9.77020994693885,NA
2010,17,NA,NA,NA,2.20181462565385,NA,14.3447501089366,0.307976837207998,-6.22202961309783,15.5125791602264,6.94518852404676,NA
2010,18,NA,NA,NA,NA,NA,12.9579041169473,NA,-6.81931872978544,17.5802059221747,6.60922720080487,NA
2010,19,NA,NA,NA,NA,NA,11.9367534022685,NA,-6.90093298018178,18.9850086741352,7.19763457989228,NA
2010,20,NA,NA,NA,NA,NA,10.8982631139675,NA,-6.74682602594276,21.9008429573664,6.2544866690484,NA
2010,21,NA,NA,NA,NA,NA,10.082264684093,NA,-6.14740222264993,22.1604500657356,5.72396748666428,NA
2010,22,NA,NA,NA,1.06070528957219,NA,8.9909488167942,1.10702237542469,-6.91183183213339,22.6824463349996,5.98405979755827,NA
2010,23,NA,NA,NA,NA,NA,7.75772388354402,NA,-6.54787636140665,26.9815098366168,7.72813238838085,NA
2010,24,NA,NA,NA,NA,NA,6.1807355954949,NA,-5.41357038874988,26.6607384269423,6.32964129415163,NA
2010,25,NA,NA,NA,NA,NA,4.62988018969477,NA,-5.11462989125582,26.5133647585166,6.16406837689688,NA
2010,26,NA,NA,NA,3.49685978377469,NA,3.03469582628068,0.736199644106926,-2.55367759079041,16.3492143490509,6.03565444930287,0.6
2010,27,NA,NA,NA,NA,NA,1.43926453764452,NA,2.22866420592395,3.6905090301626,7.03680283647606,NA
2010,28,NA,NA,NA,NA,NA,-0.0360155712255737,NA,2.87881189822912,-7.93184622065994,8.49349187481958,NA
2010,29,NA,NA,NA,NA,NA,-0.995470509718778,NA,2.7422513306042,-14.1321100486195,11.0725110041678,NA
2010,30,NA,NA,NA,4.60115659939031,NA,-1.29190124182855,1.04008279295121,2.75787693744999,-20.1430189128045,14.0316728033198,NA
2010,31,NA,NA,NA,NA,NA,-0.905793454560516,NA,2.89727777032966,-23.387211168835,14.2737687733407,NA
2010,32,NA,NA,NA,NA,NA,-0.717818110697788,NA,3.03354606151168,-24.4960362628656,15.0595492602231,NA
2010,33,NA,NA,NA,NA,NA,-0.123970453191833,NA,3.63469594551241,-26.1700898418308,14.8683606801044,NA
2010,34,NA,NA,NA,NA,NA,0.423748915136753,NA,4.88942723782278,-26.8136602958684,14.8122672034395,NA
2010,35,NA,NA,NA,5.7516562540604,NA,0.902790920097042,0.670529790566159,5.21825194082305,-27.2481788172349,15.3026098537032,NA
2010,36,NA,NA,NA,NA,NA,1.83668080563118,NA,8.31997804717778,-28.989283531019,14.6853426444271,NA
2010,37,NA,NA,NA,NA,NA,2.85597934871465,NA,7.05743779481457,-29.2484420812411,15.6369544959312,NA
2010,38,NA,NA,NA,NA,NA,3.89383437726969,NA,8.70635458594162,-28.2356232342294,17.6809666303354,NA
2010,39,NA,NA,NA,3.32331343674339,NA,5.28335630576425,0.973243691823083,6.71734573271197,-31.9664725522066,19.7645429229817,0.5
2010,40,NA,NA,NA,NA,NA,6.86640717626654,NA,3.88046020845887,-31.0428532155701,16.746357198578,NA
2010,41,NA,NA,NA,NA,NA,8.80136095322019,NA,4.72696519006921,-27.7480218554271,16.5857532013986,NA
2010,42,NA,NA,NA,NA,NA,10.584619113778,NA,4.82613540429723,-26.5257574077451,15.4664758913201,NA
2010,43,NA,NA,NA,3.91342304065353,NA,12.1396289495872,1.02937633133207,6.55827313023813,-24.8095860044041,14.5402442374626,NA
2010,44,NA,NA,NA,NA,NA,13.5975182590827,NA,6.91764915372167,-24.860483116679,14.5512284206458,NA
2010,45,NA,NA,NA,NA,NA,15.0182635226614,NA,5.71986990562105,-25.4454774763421,11.5422399932257,NA
2010,46,NA,NA,NA,NA,NA,16.0030604561854,NA,4.56814164371855,-26.1509373335658,12.0479317836067,NA
2010,47,NA,NA,NA,NA,NA,17.0375701573712,NA,3.97693122401052,-26.6327764446836,12.1924249147709,NA
2010,48,NA,NA,NA,2.9983167244784,NA,18.2560211004241,1.20774414897729,3.90114193584159,-27.4192978260916,12.2480525110656,NA
2010,49,NA,NA,NA,NA,NA,18.6091050863009,NA,0.473670447281956,-28.6877773162152,12.5968667529909,NA
2010,50,NA,NA,NA,NA,NA,18.7174742504407,NA,1.2629539473494,-29.4888896405886,12.0850927997029,NA
2010,51,NA,NA,NA,NA,NA,18.6904281061081,NA,-1.18235391008938,-31.0479951091351,11.7881624000986,NA
2010,52,NA,NA,NA,5.70660734732919,NA,18.4111153049632,0.422833610952133,-0.108370411803138,-26.4569537935337,10.7499507377922,1.6
2011,1,NA,NA,NA,NA,NA,17.8261340131282,NA,-0.981025560419085,-24.4180425978583,10.7455949165248,NA
2011,2,NA,NA,NA,NA,NA,16.7634454580905,NA,-1.92781880350472,-24.2262812433467,10.1608167974255,NA
2011,3,NA,NA,NA,NA,NA,15.9247154036045,NA,-0.234771221479307,-24.7631996676786,9.74339879135007,NA
2011,4,NA,NA,NA,NA,NA,14.9006681798729,NA,-1.64744171426363,-24.7387973993011,7.45784805176872,NA
2011,5,NA,NA,NA,3.55758249732741,NA,13.545488481859,0.0602228262706141,-1.26419861488863,-24.055812862707,7.33851194177323,NA
2011,6,NA,NA,NA,NA,NA,12.269993493709,NA,0.0102682415702454,-24.0156676302562,8.9742031319458,NA
2011,7,NA,NA,NA,NA,NA,11.1701394079363,NA,-0.549641577014216,-23.6035647733317,10.1112838359642,NA
2011,8,NA,NA,NA,NA,NA,9.77182502361153,NA,-1.28498336235083,-23.6869287843122,8.85996655410734,NA
2011,9,NA,NA,NA,4.30965271833718,NA,7.93720782115934,0.598445831524049,-0.458056368920247,-23.2172064863972,9.70799043835181,NA
2011,10,NA,NA,NA,NA,NA,6.46340806477665,NA,1.24074808541993,-21.3801508465495,8.97584444122216,NA
2011,11,NA,NA,NA,NA,NA,4.90437966960589,NA,2.05875127019317,-20.9096660319317,9.08539196981285,NA
2011,12,NA,NA,NA,NA,NA,3.63446539789621,NA,3.66187253617554,-20.088555586743,8.30799366246472,NA
2011,13,NA,NA,NA,0.104602519997977,NA,2.56138958684494,2.02870919426909,3.66885942161684,-21.0458596938232,8.25514233099257,3
2011,14,NA,NA,NA,NA,NA,1.5921745862588,NA,4.79658321713058,-16.3830131924644,11.3091838805671,NA
2011,15,NA,NA,NA,NA,NA,0.816658791461952,NA,4.47854621880827,-12.3541747572674,12.7467753599118,NA
2011,16,NA,NA,NA,NA,NA,-0.446174570129097,NA,1.91085100285674,-9.0752157735531,13.4791909920277,NA
2011,17,NA,NA,NA,-2.91102852086321,NA,-1.42882163303186,2.79032647352203,0.437373007568446,-8.2176700248269,19.3621465809919,NA
2011,18,NA,NA,NA,NA,NA,-2.27909363508648,NA,-0.732239264655887,-5.70323500216154,19.219556871497,NA
2011,19,NA,NA,NA,NA,NA,-3.62528570590465,NA,0.598048071284402,-2.00070138501915,19.3817042791618,NA
2011,20,NA,NA,NA,NA,NA,-5.1234210566822,NA,0.779114657902265,1.61978268544342,17.140518717566,NA
2011,21,NA,NA,NA,NA,NA,-5.78360180798625,NA,2.20752909969733,5.29120763576159,19.2045826936619,NA
2011,22,NA,NA,NA,-5.55257604160632,NA,-5.94536484917099,1.48063113538333,1.76042047375246,8.52292811666566,17.1747810087288,NA
2011,23,NA,NA,NA,NA,NA,-5.86763200016183,NA,1.60556104098872,9.72441187325268,17.1775956316467,NA
2011,24,NA,NA,NA,NA,NA,-5.16068733534288,NA,0.0801058046608131,12.9266257826273,16.5505910425134,NA
2011,25,NA,NA,-5.62583511860419,NA,NA,-4.89767018778208,NA,-0.834727119168066,15.5951729423371,14.9962371360819,NA
2011,26,NA,NA,-11.658639031971,-1.63376492949281,NA,-4.84704826728264,1.34938979147721,-1.74394944892482,23.685322535532,13.8530135092718,2
2011,27,NA,NA,-14.877145752754,NA,NA,-4.45612672004744,NA,-2.36398359841869,27.9648906134557,11.2739051536996,NA
2011,28,NA,NA,-13.2990817938429,NA,NA,-3.91466557004474,NA,-2.66982275208004,28.4803463105943,9.31476285845467,NA
2011,29,NA,NA,-12.8815557832021,NA,NA,-2.97337073979139,NA,-1.80267324948972,30.082689843486,7.79149036604393,NA
2011,30,NA,NA,-14.3483120706534,2.49283658887352,NA,-2.17014287203074,0.52554865489602,0.798400118214298,32.891810959069,-0.355485252667992,NA
2011,31,NA,NA,-21.4317469325176,NA,NA,-1.31673994042177,NA,1.95290637712811,33.2263930195831,-0.750876561365181,NA
2011,32,NA,NA,-13.8242342463277,NA,NA,-0.500928554242189,NA,-1.01139054922965,32.1381502856004,-2.7116215890033,NA
2011,33,NA,NA,-6.69766017240942,NA,NA,0.539438538836946,NA,-0.508898444575079,29.85876443985,-3.25532701550596,NA
2011,34,NA,NA,-0.773168187453033,NA,NA,0.478754618893652,NA,-1.93352055464254,28.3410886161271,-4.72177865742214,NA
2011,35,NA,NA,-1.90190634145564,3.73575991214263,NA,0.190004543062449,2.03673028244337,-3.10334907529564,26.8130449727117,-5.22981670897565,NA
2011,36,NA,NA,-5.60548851000606,NA,NA,-0.404390990447739,NA,-3.39799550873797,26.2608241602222,-6.14649873449716,NA
2011,37,NA,NA,-5.90672040684948,NA,NA,-1.41888426431971,NA,-3.04701950768404,24.4834625574046,-7.21802476355221,NA
2011,38,NA,NA,-13.96560208711,NA,NA,-2.58769332039636,NA,-2.66851400562534,22.6013662468468,-6.58007076625709,NA
2011,39,NA,NA,-4.65571233825487,0.582783106399805,NA,-3.73478000113065,1.96197868696522,-2.85557005322845,14.6802021887081,-6.53406128162629,-0.2
2011,40,NA,NA,1.68268634021722,NA,NA,-5.55202205880488,NA,-2.38050360033642,3.44557550393061,-7.12684449096744,NA
2011,41,NA,NA,3.764014683428,NA,NA,-7.18441893036746,NA,-0.499381225117434,1.2049473918662,-7.65756987770135,NA
2011,42,NA,NA,6.88543257573871,NA,NA,-8.80426349569249,NA,-0.203713050483801,-0.539197858570955,-7.21653125797039,NA
2011,43,NA,NA,7.01972565987351,NA,NA,-10.2016413663813,NA,-1.53162602813244,-2.57568891076976,-4.65108743306644,NA
2011,44,NA,NA,11.8808426047044,-0.630585379073351,NA,-11.4934787191788,2.92703823001135,-1.65663488022635,-5.07990857964929,-4.25817036769668,NA
2011,45,NA,NA,9.80843703602391,NA,NA,-11.6440876207275,NA,1.05307804704972,-6.07280533863482,-3.18069163828534,NA
2011,46,NA,NA,8.73372432432196,NA,NA,-12.3665049637105,NA,0.954204611790463,-6.06790754820842,-2.73631610601673,NA
2011,47,NA,NA,9.97676265338758,NA,NA,-13.3664878286098,NA,-1.06316120272419,-6.61716817048705,-3.26453075510041,NA
2011,48,NA,NA,10.329726633403,-0.683314091078053,NA,-14.4520565530909,2.83948662161489,0.69575645068026,-6.3922595225944,-4.21773403146006,NA
2011,49,NA,NA,12.7923434879902,NA,NA,-15.1319892826451,NA,0.517438340850244,-7.05310730443541,-4.74018403437447,NA
2011,50,NA,NA,15.0428648022375,NA,NA,-15.73824239953,NA,0.446074407345712,-7.15542477680834,-4.08482195233183,NA
2011,51,NA,NA,17.1413887317835,NA,NA,-15.6481079115499,NA,1.18141399397611,-6.89906763206847,-1.31676129063708,NA
2011,52,NA,NA,14.5842934586411,-0.211528370781331,NA,-15.3569565610217,1.64356207482755,1.48200773213985,-3.45478741402854,-0.835816466340825,1.2
2012,1,NA,NA,8.24638498156749,NA,NA,-14.3263693258503,NA,2.9341072757197,0.914064129706712,-0.38532442620119,NA
2012,2,NA,NA,3.29991545056166,NA,NA,-13.7013080150154,NA,0.279535634672981,2.30116086959461,0.26661982631347,NA
2012,3,NA,NA,-2.45882020677293,NA,NA,-13.1673808015777,NA,1.48163097661985,4.0536254099293,-0.128779051999621,NA
2012,4,NA,NA,-0.323882876649906,NA,NA,-13.0099356843632,NA,0.304991914690404,6.39932032786239,0.835236494107403,NA
2012,5,NA,NA,1.16244695691698,0.525763566540498,NA,-12.8457872962879,1.12487125358707,-0.992701843570697,9.64042767187779,-1.00775708142479,NA
2012,6,NA,NA,0.415925393612076,NA,NA,-13.2480864786378,NA,-2.76535741103135,11.5493067283393,-2.02661527024997,NA
2012,7,NA,NA,-2.39923021180319,NA,NA,-12.7738958032753,NA,-2.63077716657009,13.1475885013868,-2.96996492298761,NA
2012,8,NA,NA,-8.36241488067042,NA,NA,-10.7108911809154,NA,1.13720494420345,15.0146279111633,-2.01746494421255,NA
2012,9,NA,NA,-7.55268408896197,1.10150602306774,NA,-8.6416366332845,-0.843412365361079,0.209485357833996,16.2440077970957,0.0305772619806315,NA
2012,10,NA,NA,-9.3891114969098,NA,NA,-6.83817809480696,NA,0.960497121624765,18.5952173209102,3.47175216327235,NA
2012,11,NA,NA,-10.5117542245138,NA,NA,-4.90248474266436,NA,1.36785113773096,19.7555853539784,3.96115649809196,NA
2012,12,NA,NA,-3.47461995149163,NA,NA,-3.31942289352205,NA,0.577750059535503,20.9248323582286,-1.50760068818738,NA
2012,13,NA,NA,-3.78313178385528,2.25081472709536,NA,-1.92300176316693,-0.450704988300164,1.48578198929058,19.9937134010384,-3.37340454477482,1.5
2012,14,NA,NA,-3.76254026439197,NA,NA,-0.960311329757351,NA,-1.20580099468307,22.0847379772876,-4.34234564120716,NA
2012,15,NA,NA,-1.14625472641578,NA,NA,0.0944978658538045,NA,0.958930233668133,21.4601606967462,-3.8315584118232,NA
2012,16,NA,NA,3.07123541371673,NA,NA,1.06595838947569,NA,-0.101284907747851,18.4069321783176,-3.6267028694075,NA
2012,17,NA,NA,2.14037184181411,NA,NA,2.24811015446792,NA,2.56090314662503,14.3721914187649,-3.98782933172195,NA
2012,18,NA,NA,-0.717447817116252,1.87018437770211,NA,3.50936627477026,-1.5783867701262,4.24796525563612,12.2906125373575,-2.84220324575952,NA
2012,19,NA,NA,3.28302902492922,NA,NA,4.70467260334191,NA,4.70159846690126,9.94601367840202,-2.11187986644425,NA
2012,20,NA,NA,9.73391691813946,NA,NA,5.42714716313727,NA,5.04943093300199,7.91244907101241,-0.562559279073329,NA
2012,21,NA,NA,13.1290924663717,NA,NA,5.33445291531441,NA,4.44241211028511,5.156388193215,-2.79263754740105,NA
2012,22,NA,NA,11.0123770589029,-4.64454972101779,NA,5.39076189055737,-0.339366841543639,4.35425038763619,2.56804551387528,-3.27393388259781,NA
2012,23,NA,NA,14.3324385941838,NA,NA,5.40823697180267,NA,3.42974627919362,-0.53922202759515,-8.97158409125621,NA
2012,24,NA,NA,13.9785254429548,NA,NA,5.39476904989408,NA,3.37085005965603,-2.42517580621909,-9.23087719147075,NA
2012,25,NA,NA,5.623785152226,NA,NA,5.42359465824287,NA,3.13434082256479,-4.97503175711164,-3.27232909914828,NA
2012,26,NA,NA,8.13063962187237,-5.69757487558712,NA,5.47873299170786,-0.0564812214958806,1.80520609228806,-5.88753150224323,-2.66162599480021,0.3
2012,27,NA,NA,7.73994948798187,NA,NA,5.6441021335729,NA,3.22585110611962,-4.31975404715868,-1.36219482974307,NA
2012,28,NA,NA,5.6974739802299,NA,NA,5.80438596620796,NA,1.69812579450687,-3.99426873026872,-1.89197595467907,NA
2012,29,NA,NA,2.30095719590738,NA,NA,6.04709425074673,NA,0.8387577216166,-2.31047331667829,-0.932764025105215,NA
2012,30,NA,NA,1.6783691423532,NA,NA,6.32714976017739,NA,-0.972663825605207,-0.289562523093396,-0.307227636485094,NA
2012,31,NA,NA,-0.689545389086863,-6.48473696498321,NA,6.27221713734927,1.01753280416527,-1.48165332036049,-0.400045751837059,0.104019919514882,NA
2012,32,NA,NA,-11.5880018861316,NA,NA,6.01454281314694,NA,-0.67941783948495,-0.370423152447533,0.525733992489321,NA
2012,33,NA,NA,-26.2571028450504,NA,NA,5.80741532401252,NA,-0.575842435541425,-0.101316231597161,1.73301564392927,NA
2012,34,NA,NA,-27.7480269166033,NA,NA,5.62265750158703,NA,-2.18349514758764,0.799731236679906,4.17799539918934,NA
2012,35,NA,NA,-27.5891660107936,8.48231923090767,NA,5.42033223240703,1.07073437725574,-1.2859824138198,1.09918792682586,4.42559750740628,NA
2012,36,NA,NA,-31.1791059157662,NA,NA,5.32903564872527,NA,-0.340052863283562,2.0206624505878,8.40609902195817,NA
2012,37,NA,NA,-28.748812521879,NA,NA,5.0629973120227,NA,-0.537754860154382,2.53224018439233,9.27951632181474,NA
2012,38,NA,NA,-24.0753325196465,NA,NA,4.66649416967825,NA,0.0668812772436761,3.73437016199015,2.84598871794578,NA
2012,39,NA,NA,-25.0536090459482,10.6948295563793,NA,4.27462226078995,1.29106480372583,0.830503889202795,4.5487136896323,4.52476770037793,2.3
2012,40,NA,NA,-22.3399620663207,NA,NA,3.8475415483588,NA,1.22482962256247,-2.600066975689,4.73039624182801,NA
2012,41,NA,NA,-20.1972464570718,NA,NA,3.5581591668946,NA,1.97597142646056,-4.67935315719295,5.30935504177662,NA
2012,42,NA,NA,-19.3136540376341,NA,NA,3.25449329375143,NA,2.7834685903642,-5.84876710139086,4.71293973825278,NA
2012,43,NA,NA,-18.4844740943666,NA,NA,2.79556484994905,NA,2.93073629511263,-6.22452953719549,4.71947214807835,NA
2012,44,NA,NA,-14.5770933896601,12.4775433343644,NA,2.45444566221902,1.50714546931313,2.40067575905453,-6.78572420376549,5.19639537967678,NA
2012,45,NA,NA,-3.52589416095639,NA,NA,2.09707455194854,NA,0.863954041308142,-5.3576056153304,4.90009650774486,NA
2012,46,NA,NA,3.74494523358926,NA,NA,1.71991451442014,NA,1.53793281517175,-4.56584678008098,2.02481048097268,NA
2012,47,NA,NA,2.96270050444356,NA,NA,1.40434235832708,NA,2.72112879278187,-4.03178472154411,0.417849141129146,NA
2012,48,NA,NA,3.44692326665337,2.57695131790518,NA,1.11805769021482,2.05277665876534,1.92929985423278,-3.27847043391808,1.60049680576034,NA
2012,49,NA,NA,5.42320712368882,NA,NA,0.811050300273243,NA,2.08253841128851,-3.28620399855977,0.441017504796857,NA
2012,50,NA,NA,1.00267183259626,NA,NA,0.657983926958529,NA,2.19437796836003,-2.77734301604409,-0.899956760542178,NA
2012,51,NA,NA,3.57552315579955,NA,NA,0.628919076952758,NA,1.90194289684749,-2.3413106380076,2.44612911399425,NA
2012,52,NA,NA,4.25904304513756,NA,NA,0.737691853441463,NA,2.38628960173415,-1.94799630952204,0.630389449191494,0.6
2013,1,NA,NA,3.25654517747027,0.68695068965174,NA,1.03060694277189,1.8237587549781,2.24866842523436,1.71816227573759,0.0870120398485803,NA
2013,2,NA,NA,1.289609525258,NA,NA,1.28789964946249,NA,2.25172210020216,3.57137861255829,-0.707555014091608,NA
2013,3,NA,NA,3.84897121742239,NA,NA,1.49488104352285,NA,1.49530008989075,4.01750096289131,-1.27027636451769,NA
2013,4,NA,NA,4.07888461685844,NA,NA,1.89446657187974,NA,1.2119236686413,3.00149700611695,-1.83501712723067,NA
2013,5,NA,NA,3.46593548054114,-0.534630678059162,NA,2.45273382537972,1.21146856110255,0.536319810316385,3.42388615500097,-3.31111724852384,NA
2013,6,NA,NA,2.29264653103793,NA,NA,3.17500630321137,NA,0.257764918867269,1.2823839958386,-3.56546506182235,NA
2013,7,NA,NA,5.37490633421283,NA,NA,3.94726881352282,NA,-1.58274905493197,-0.722030147642979,-2.04785553410304,NA
2013,8,NA,NA,7.76474091189936,NA,NA,4.53833148328085,NA,-2.12402491093217,-2.95538523035373,-1.72851839265696,NA
2013,9,NA,NA,7.07398551332602,0.439346569533839,NA,4.9882739668534,0.383667228648737,-2.94648482425966,-4.51334302227308,-4.66816373258331,NA
2013,10,NA,NA,8.69525660951211,NA,NA,5.48508830447243,NA,-5.15286833611724,-5.8163066588831,-5.55444655357937,NA
2013,11,NA,NA,9.96339829332955,NA,NA,6.12025411925665,NA,-6.05919256590412,-7.1637197328238,-6.67946762328022,NA
2013,12,NA,NA,2.96985078874199,NA,NA,6.74781866579966,NA,-7.43937698317971,-9.45832159748413,-8.46443786111959,NA
2013,13,NA,NA,1.93351553893741,2.51099624250176,NA,7.28680277065209,0.926689651490946,-9.63930675369877,-12.2703808606621,-8.15962921237528,0.6
2013,14,NA,NA,3.92857867515063,NA,NA,7.51070322563841,NA,-11.3738137694805,-12.5139030529646,-7.58342717510799,NA
2013,15,NA,NA,5.83964487255222,NA,NA,7.59884918245361,NA,-11.9923539697989,-14.8103447951536,-8.09279011197307,NA
2013,16,NA,NA,4.64388021562466,NA,NA,7.63916703490946,NA,-10.3511062456647,-15.8721321613733,-7.25296715986844,NA
2013,17,NA,NA,4.49818875895697,NA,NA,7.57392132664171,NA,-9.99302992954686,-15.0976688623675,-6.82687133997644,NA
2013,18,NA,NA,4.41475334757339,1.78705552659055,NA,7.3898443536236,0.27329888560686,-7.60648686659574,-14.9933653724051,-6.52464201291498,NA
2013,19,NA,NA,2.19164543622586,NA,NA,7.22715535215892,NA,-6.39924998842971,-14.5076219685167,-6.37781536242693,NA
2013,20,NA,NA,-0.421709877249108,NA,NA,7.04915311322821,NA,-5.90416730661454,-13.5195791788363,-7.38391057317522,NA
2013,21,NA,NA,-0.614630138355004,NA,NA,6.88700185899615,NA,-6.67964301114212,-11.4465987231918,-6.44016175619591,NA
2013,22,NA,NA,0.25854226664007,-0.439346569533865,NA,6.90202195338406,1.08815001875342,-5.11351047992106,-10.4249438082746,-5.00073646948007,NA
2013,23,NA,NA,-7.24527628816121,NA,NA,6.87759792000493,NA,-3.57973878237431,-9.21782934344595,-3.51057619623951,NA
2013,24,NA,NA,-6.38253455799436,NA,NA,6.41192419771112,NA,-1.87766058613329,-9.04872424865673,-1.51927160640324,NA
2013,25,NA,NA,-2.84508028639606,NA,NA,5.95637367331711,NA,0.257443821739511,-7.86054583557819,0.671107381587796,NA
2013,26,NA,NA,-0.472742705407427,-6.19667237491996,-3.38960016567654,5.40550224815097,0.649001737171231,2.48125090752956,-5.04240825426726,2.22652339192104,1.1
2013,27,NA,NA,-0.785253983511843,NA,-6.12086521261956,5.07890751445297,NA,4.39573691244488,-1.05714956790888,2.55625700818269,NA
2013,28,NA,NA,-1.5580398535277,NA,-9.8924400382546,4.90818289838393,NA,5.18782884780556,0.64015766164326,3.59554146425279,NA
2013,29,NA,NA,-3.91186023884881,NA,-11.4367871091481,4.92040670351125,NA,3.49113192696672,1.50595083868388,1.89798862028598,NA
2013,30,NA,NA,-8.16472342826757,NA,-6.51724364572762,4.88926274637225,NA,3.92133142125529,1.60806445586051,0.596841696262762,NA
2013,31,NA,NA,-5.82864805479228,-7.5028969105854,-6.6633445090671,4.80762599584838,3.01098014713706,1.41521963234143,1.52153265815799,0.68375654909845,NA
2013,32,NA,NA,-2.55027891181154,NA,-9.92216584660728,4.76880722669086,NA,0.812377151362671,2.34983759924082,-0.389386188509342,NA
2013,33,NA,NA,-1.54052976424808,NA,-10.104712227212,4.72388113900828,NA,1.25721880803417,2.8751195632435,-0.566747143599054,NA
2013,34,NA,NA,-2.6852180135231,NA,-8.07942946016559,4.76146025217234,NA,3.88865311583231,2.22716261307705,-1.7139243593821,NA
2013,35,NA,NA,-3.63899697249277,-2.57695131790516,-6.27365283541711,4.63611474844926,2.24728558520586,2.36639228298648,2.63589271648984,-1.74162787390696,NA
2013,36,NA,NA,4.19183238586282,NA,-6.37984285217807,4.37590398879434,NA,3.00752332768616,2.53838457916995,-3.24128557741343,NA
2013,37,NA,NA,4.32002920393524,NA,-5.16360181400288,4.40016048335561,NA,1.73910456790105,3.18624200471832,-4.37753161256955,NA
2013,38,NA,NA,5.69012815642271,NA,-10.278867282957,4.30186511220226,NA,-0.0775205799459889,3.7553104039657,-4.90236792232084,NA
2013,39,NA,NA,2.19016856948402,NA,-9.93076437338451,4.40016723140298,NA,-0.476652943337324,2.0448065770004,-8.21424704179451,1.4
2013,40,NA,NA,-2.46535829425687,2.55460924276964,-7.72507626802375,4.33714138236215,2.18617077734318,-1.42026551829766,-5.14564144863771,-9.89360401882403,NA
2013,41,NA,NA,-3.98690832041548,NA,-6.39604993781487,4.10294934397121,NA,-1.43142091469673,-5.70732671513308,-10.4310751064212,NA
2013,42,NA,NA,-1.3470970753717,NA,-2.37213784465823,3.77228802117888,NA,-1.56896393257517,-6.15041450670784,-9.52546254990549,NA
2013,43,NA,NA,4.40262893809686,NA,-2.04807014521216,3.50277132340193,NA,-1.71757732679804,-6.41497041949581,-8.94144184114912,NA
2013,44,NA,NA,-0.826030995971421,5.22732062738992,-1.12762032538872,3.30067049373469,0.158772195301158,-2.13405284800991,-6.698935051824,-9.12740028777961,NA
2013,45,NA,NA,-1.62617209180095,NA,1.91067191598205,2.92437612725344,NA,-1.20556694210818,-6.66466690257474,-8.32223199811644,NA
2013,46,NA,NA,0.336302663459703,NA,3.02105988967389,2.48407093401493,NA,-1.67399636305562,-7.424065684809,-7.37215648593068,NA
2013,47,NA,NA,1.27593775109439,NA,1.43209307057525,1.9912033743941,NA,-4.37419040370357,-7.39048615556466,-6.21110775865086,NA
2013,48,NA,NA,0.0812677917568026,0.949295162810862,-0.280449314046894,1.64384725364837,0.264200946283858,-4.27070509813156,-8.03484974647575,-5.97238690390967,NA
2013,49,NA,NA,-5.35258459960854,NA,-2.29232053520724,1.31682369664715,NA,-7.62018877537519,-8.25935377631091,-4.88637133526353,NA
2013,50,NA,NA,-8.93437299189262,NA,0.465043433131109,0.908533608380888,NA,-6.33120334362419,-8.31499797473637,-4.02234957607331,NA
2013,51,NA,NA,-15.3792166643624,NA,3.80693317323831,0.610922876328491,NA,-5.23938853356338,-8.55562780556481,-4.82822439598493,NA
2013,52,NA,NA,-17.215032184539,NA,3.67579295136509,0.150224577574363,NA,-6.08235942319901,-6.87395892948612,0.0728441261406782,0.8
2014,1,NA,NA,-13.0747043079761,-1.44460793676219,-0.364703921019061,0.114386498380673,-2.22044604925031e-14,-6.13000527919651,-4.83411874191884,1.08804024668487,NA
2014,2,NA,NA,-10.5558825627616,NA,-2.98082440118919,0.339981319045739,NA,-6.88552805518198,-5.07084721920319,1.10257783420851,NA
2014,3,NA,NA,-12.0693346096383,NA,-6.0121919440385,0.684795720664087,NA,-5.52447734751205,-5.31458080707675,1.44397555013066,NA
2014,4,NA,NA,-16.4033132439618,NA,-4.21590594824526,1.18270891686552,NA,-5.56434357365905,-6.10691170694321,1.5117924156736,NA
2014,5,NA,NA,-16.2781244063568,-3.94558044481497,-4.77308102884214,1.67951685439785,1.31338898723482,-3.43996299085734,-6.52885932564837,2.1611026379076,NA
2014,6,NA,NA,-25.2353259422607,NA,-5.05240863040142,2.32728419890082,NA,-3.77823359958729,-7.29210922423611,2.38513036724821,NA
2014,7,NA,NA,-29.8883575708778,NA,-5.95934724812665,3.1065069852493,NA,-3.99866424923382,-7.60224885015705,3.19489703995225,NA
2014,8,NA,NA,-31.0634770959974,NA,-4.65842603169321,3.96622948538497,NA,-2.18276703803697,-8.27215441229396,2.32092249123313,NA
2014,9,NA,NA,-25.7699739731918,-2.11063111335264,-4.60918494778142,4.74220871772319,1.31063475053006,0.363777585806661,-8.8304366307689,0.729762387720356,NA
2014,10,NA,NA,-23.4295287178477,NA,-0.93484976703354,5.47916184688312,NA,4.93557854134853,-9.08267130530864,0.844641977722883,NA
2014,11,NA,NA,-16.7799112380357,NA,-5.5633455892013,6.1445570733497,NA,2.19824808256666,-10.39982688715,1.57915774832758,NA
2014,12,NA,NA,-6.32872737288003,NA,-8.2104716078435,6.83647433822732,NA,1.93822878202087,-11.0210837355645,3.03991060491908,NA
2014,13,NA,NA,-1.67435596917246,NA,-5.41832991950233,7.65294063973313,NA,3.33509738482374,-13.4731001851222,-2.36868260412504,1.2
2014,14,NA,NA,-4.29883977890395,-2.02743893361158,0.586323224408695,7.83997957547774,1.9326796393364,4.70937181761717,-11.9236355491724,-1.58506009365403,NA
2014,15,NA,NA,-7.00878294645231,NA,4.5190824012616,7.76541399020454,NA,6.53978740519799,-11.7650335343676,-1.320476474176,NA
2014,16,NA,NA,-7.26838991791106,NA,8.00840802285484,7.43589714721143,NA,4.96333279407026,-10.895030658661,-2.24333224045746,NA
2014,17,NA,NA,-7.74904916175028,NA,8.25038090751513,6.84237721949956,NA,5.13849083643965,-8.90648103964773,-2.09884374871261,NA
2014,18,NA,NA,-6.2144038294135,1.46652438680823,11.1771906809605,6.24035350356595,1.39934908466341,4.77932889214311,-7.61187617528352,-2.47030726423178,NA
2014,19,NA,NA,0.0620019257398026,NA,7.37709890197457,5.57315376499337,NA,4.33043783822693,-7.09846528365466,-2.81908136859387,NA
2014,20,NA,NA,5.32832688195256,NA,7.53888840810041,4.89784975349496,NA,4.40459369599849,-6.14815005823635,-5.4228243434459,NA
2014,21,NA,NA,6.44394167174343,NA,6.17048796720528,4.14358998288519,NA,2.97340508572387,-5.4694378714571,-6.02964226154814,NA
2014,22,NA,NA,2.01359310810859,2.40854593150862,5.81041801046659,3.34711294579583,1.95983580686284,-0.00585187233385409,-4.57861636760106,-4.66091351673942,NA
2014,23,NA,NA,5.77392096683098,NA,4.28197254325177,3.11058509705818,NA,-2.26431828614619,-3.86309405337338,-5.05920186476661,NA
2014,24,NA,NA,1.52993820856705,NA,6.4839854881996,3.13748749345344,NA,0.53251720897778,-2.01808397675614,-7.80969593290543,NA
2014,25,NA,NA,-3.0226067641353,NA,8.06752934387039,2.99267104307249,NA,1.16430965640117,-1.07352246836216,-10.0316008410662,NA
2014,26,NA,NA,-6.89861390579427,NA,5.91904584993065,2.63029236884056,NA,-0.312321915358164,-0.710296543770995,-7.67382229880013,0.9
2014,27,NA,NA,-6.30742177860851,4.16204467937343,2.18087873253922,2.59249984124316,1.64190450950305,-2.37195387878733,2.50306596413494,-8.97035564726659,NA
2014,28,NA,NA,-2.45053373337392,NA,1.34367687344298,2.69777878832289,NA,-5.37192301089238,3.23383781921524,-10.423316058598,NA
2014,29,NA,NA,1.84188291985874,NA,-0.765224426115949,2.98598331863597,NA,-3.12267317038251,3.32152830369853,-9.49286900048591,NA
2014,30,NA,NA,10.9565218907869,NA,-4.28542767037118,3.33388780239687,NA,-3.30990236739291,1.73987804403075,-9.48307540074319,NA
2014,31,NA,NA,13.2948476544665,1.98813705538292,-6.48936744922422,3.67706334013223,1.1767851329672,-3.81056276868045,1.4546592890656,-10.2242176601896,NA
2014,32,NA,NA,12.716534416297,NA,-1.48858020776863,3.84827544034457,NA,-3.77209561522872,1.69747218064107,-9.67884173528326,NA
2014,33,NA,NA,12.8590069553632,NA,-2.86176513641527,3.73890010601737,NA,-3.21448394791219,1.78436632519415,-8.72199165214426,NA
2014,34,NA,NA,12.1841317099713,NA,-3.52466209660874,3.69635820747107,NA,-2.89020151570445,3.22625015424228,-7.92257714180911,NA
2014,35,NA,NA,14.9115424890492,-0.746457807904588,-2.56983463504331,3.73530764462287,0.712471207212515,-2.15360575928901,4.73676474740938,-8.882057320092,NA
2014,36,NA,NA,9.76078791439217,NA,-1.65635723504834,3.09513116929834,NA,-1.67653775085222,3.96088859947046,-8.95283934361703,NA
2014,37,NA,NA,10.3757914935802,NA,-0.971675064675635,2.24969807344034,NA,-3.7620772446243,3.82251090764547,-7.34080868378243,NA
2014,38,NA,NA,10.7603665368303,NA,0.163237309062794,1.63996104928853,NA,-5.16689155033398,3.76578531580411,-5.9551763120718,NA
2014,39,NA,NA,14.2416182008411,NA,-0.488948062428297,1.11085880596078,NA,-4.96035668703306,6.77013278731607,-6.03889714671317,0.4
2014,40,NA,NA,17.8810228411801,-0.987174847915423,0.290500607901877,0.498923082500346,0.709942129920407,-4.29820093187056,1.01919487664716,-7.19679423580526,NA
2014,41,NA,NA,16.4268929645898,NA,-1.356981151523,-0.171919999169801,NA,-3.65477754173766,1.77980763129191,-5.37107588805419,NA
2014,42,NA,NA,13.3581941469188,NA,-2.7231877517507,-0.940473378591699,NA,-5.6828214180638,2.15039423757217,-5.70156001056155,NA
2014,43,NA,NA,2.5400348662487,NA,-3.18415343078517,-1.6796572553801,NA,-5.34886229050087,2.82111391157583,-5.46888989212485,NA
2014,44,NA,NA,4.65607304865609,-0.493340911795566,-1.40975126281525,-2.40062627885573,0.81054141828214,-5.02962769899235,2.69939389409868,-4.14719334854311,NA
2014,45,NA,NA,4.7411164152799,NA,-3.65019200982001,-2.78951709661467,NA,-5.32929557051382,2.0135070712948,-4.48639299459331,NA
2014,46,NA,NA,-0.884682161263642,NA,-3.60865366050009,-2.88734428652652,NA,-5.04974551679319,1.80554431691789,-3.64590487441054,NA
2014,47,NA,NA,-0.446278428090611,NA,-2.84406508177131,-2.9841342028329,NA,-4.2882942876819,-0.105930041335959,-4.2429653579928,NA
2014,48,NA,NA,2.85508087190948,2.66156666998899,-1.82490335952035,-2.99346801461925,1.10944153592029,-3.57172822219371,-1.98745676480457,-3.87057823991407,NA
2014,49,NA,NA,8.89724610554862,NA,-1.52718657189965,-2.75927667162593,NA,-3.02204980782043,-0.590096015139951,-3.18701336911662,NA
2014,50,NA,NA,13.7000114983531,NA,-2.79137264183471,-2.49776546541246,NA,-2.58019025947378,-0.900617663442162,-3.18567693463849,NA
2014,51,NA,NA,14.0844645663356,NA,-5.7366034179387,-2.39630695115165,NA,-1.60894900408944,-1.39308185003209,-2.66656733224325,NA
2014,52,NA,NA,14.4237999635383,NA,-3.32797371895021,-2.233840598139,NA,-0.792084863100822,-4.51154453603126,-3.28476221595805,0.3
2015,1,NA,NA,12.1157467558729,1.81867878276744,-7.17518923902951,-2.04001702957371,1.65375856170643,-2.23174947550643,-1.41554607805738,-1.70621392601294,NA
2015,2,NA,NA,12.212251964719,NA,-5.22394205844323,-1.74689637290072,NA,-0.444796568772299,-1.38735294322861,-1.829780184127,NA
2015,3,NA,NA,12.4118209261288,NA,-4.33465722607693,-1.31976133789857,NA,1.38831430709504,-1.68034888598187,-1.24547197856471,NA
2015,4,NA,NA,16.9714309742799,NA,-2.94517202327278,-0.76020924032255,NA,0.439161878946773,-1.46250034576092,-0.952194526038084,NA
2015,5,NA,NA,14.6161775609188,-0.346792519963336,-8.15825163932678,-0.190143012748159,1.30327659216865,-0.417968541784313,-0.774639209816965,-0.306906440389731,NA
2015,6,NA,NA,16.3771526211886,NA,-9.65675377717677,0.323916474642388,NA,1.07488754225289,0.142796525414324,-0.728624712641742,NA
2015,7,NA,NA,20.6332615624427,NA,-7.16491091510373,0.810929703192652,NA,1.12212869946725,0.627496734335675,-1.536449659727,NA
2015,8,NA,NA,20.9412574173606,NA,-7.69970988800523,1.30033326347961,NA,0.0640003942746257,1.96232874565474,-0.408099597300279,NA
2015,9,NA,NA,11.5031453971265,-1.37122618639822,-6.76009785070173,1.69881079376699,0.649839827455424,0.631507405798578,2.61509964489737,2.402819761326,NA
2015,10,NA,NA,5.60216150469183,NA,-10.9369083021228,2.13022268006309,NA,-0.327508029404575,2.13771095184257,2.10925545123228,NA
2015,11,NA,NA,-0.438494206715774,NA,-9.84414310022434,2.61435237776154,NA,2.07767906371362,3.0467776965425,2.5607680585129,NA
2015,12,NA,NA,-6.12264649574361,NA,-1.7567687587902,3.25821488256559,NA,2.42504281787607,3.98362091958609,2.45071029910634,NA
2015,13,NA,NA,-10.4639986477743,NA,-5.16107799409989,3.93352394770545,NA,2.31260834243275,7.24243499503087,5.75234286966397,0.9
2015,14,NA,NA,-11.085748102211,-0.390434854203146,-1.50447461451943,4.66514141524474,0.0496894420161527,5.51171335679858,7.09124028132309,4.46489330076701,NA
2015,15,NA,NA,-11.5683773579768,NA,-1.5642873906449,5.30442455502201,NA,5.33658765772584,6.05947053936139,4.22956851066664,NA
2015,16,NA,NA,-13.0826416214256,NA,-2.14421055963125,5.82784564524925,NA,2.87384926423413,5.94194756240999,3.86566715959956,NA
2015,17,NA,NA,-10.3325369356228,NA,1.05654760140899,6.17290739125162,NA,3.35763531326199,5.2209320004807,3.44970702875808,NA
2015,18,NA,NA,-11.7591289335773,3.94115710601492,4.04224727535219,6.49367188706566,1.8747465699952,4.82234278213895,4.07358834854651,0.490397604747645,NA
2015,19,NA,NA,-13.7276991654196,NA,5.18257893672137,6.58369172572594,NA,2.84319677874451,4.26558964417655,1.30200327808049,NA
2015,20,NA,NA,-16.0854704488174,NA,3.84318509873208,6.56805205297535,NA,1.15075986792057,4.33638080768049,3.06311083032359,NA
2015,21,NA,NA,-18.2670143737574,NA,4.94149355383254,6.54462384544419,NA,2.66018620497779,4.17958828327757,2.74851017951395,NA
2015,22,NA,NA,-12.3089634904821,3.53633361339268,2.52462715925345,6.43030428083754,2.60649129872889,1.16509968830277,4.60409275590888,-1.55676452367426,NA
2015,23,NA,NA,-9.93526403456891,NA,6.5319572811035,6.27764823989158,NA,0.577777539795062,4.39408378122289,-1.71543156594706,NA
2015,24,NA,NA,-8.58950020818932,NA,6.60463528404151,6.04382879579273,NA,-1.13723605952857,3.25215509926785,-1.98996287569572,NA
2015,25,NA,NA,-3.00182456639261,NA,-4.61903908336287,5.61171218871855,NA,-1.2913112764467,2.7100281662245,-2.46152781026901,NA
2015,26,NA,NA,0.436424354271895,NA,-1.16622261658533,5.08674526826095,NA,-2.10972259226022,0.922662178004796,-5.16916783358473,1
2015,27,3.8984402962018,NA,0.936045168997689,3.8844490424991,2.55592138296644,4.49323114984514,2.84054357557926,-3.29809536744331,0.923439272523673,-2.52799698128403,NA
2015,28,3.51239474584641,NA,-2.45530391764898,NA,1.43188705098053,3.81413475511624,NA,-4.19337330244235,1.55254884820172,-1.61521326983262,NA
2015,29,2.54194042802892,NA,0.272521275330328,NA,4.54768438816216,3.31706750208534,NA,-3.09492016167455,1.72337922898253,-0.672118652447813,NA
2015,30,1.90037042844375,NA,-4.89004526962466,NA,2.56790521423623,2.87703997330703,NA,-3.38815322804831,2.69359659390911,-0.315744748495515,NA
2015,31,1.83180002469312,NA,-6.51319065825484,2.03076636414729,3.83478882545324,2.42314097023435,1.50378773645405,-5.3478035749679,2.97133404155481,3.66778505334808,NA
2015,32,1.6837032512058,NA,-3.40064044533291,NA,7.74953314792204,2.16147742390041,NA,-4.17411029880326,1.85618550512408,3.73095055275195,NA
2015,33,1.17024441046505,NA,-5.53763623748346,NA,8.5837173599995,1.89142321861238,NA,-3.05414975652853,0.275131407765155,4.70072896951856,NA
2015,34,0.337296808247393,NA,-3.13266565659964,NA,8.80576638470689,1.51478794691289,NA,-4.92377382915313,-1.48203069933589,4.83943235308219,NA
2015,35,-0.201559121930772,NA,-2.02575407259167,NA,9.15142666410106,1.00295349945866,NA,-4.416728057296,-2.84865482668443,7.05390119929288,NA
2015,36,-0.676781736979973,NA,-1.13690189727721,0.616846558518231,9.44601240043819,0.486463803171416,1.87550580370062,-3.51198078731773,-3.72672171297774,7.32287805808423,NA
2015,37,-1.23440681591666,NA,-1.56099849156301,NA,8.03735677103906,0.048420870395106,NA,-4.22933379087502,-3.20120400088445,7.595582111861,NA
2015,38,-1.40638267400644,NA,-7.7785009303603,NA,12.9962994079461,-0.290597210350272,NA,-3.80782632758257,-3.47822214059183,7.80492446161693,NA
2015,39,-1.0693255898758,NA,-8.66423329236035,NA,11.6666638544061,-0.596972567142176,NA,-2.59748679469427,-3.9645460624592,8.02943941462117,1.1
2015,40,-0.98083040006739,NA,-9.14891381658088,-2.76603232735733,7.25705563122252,-0.920845933697246,1.53333143071157,-2.74997971867299,-5.47567420850217,7.39174785831571,NA
2015,41,-0.78796143033212,NA,-4.75641194185932,NA,10.0884024589947,-1.07770875503619,NA,-2.4929212958963,-6.91844658396919,6.06441246572623,NA
2015,42,-0.0379088432891636,NA,-8.65974438515306,NA,10.727137113193,-1.50075375703355,NA,-1.82535369160164,-7.28408902209703,4.93747782255785,NA
2015,43,0.663397361907558,NA,-3.84245457876987,NA,10.2092380100718,-1.87769989765536,NA,-1.57699764130541,-7.62252488982161,4.46485709957402,NA
2015,44,0.852154855849718,NA,-2.32559328922614,-2.70094599074915,12.0955042407328,-2.24816357220526,1.52893566026622,0.261429363334672,-7.65282712552014,4.00232625758347,NA
2015,45,0.724455522273737,NA,-4.69365483855508,NA,5.3608096436994,-2.69125460350612,NA,-0.634023060202714,-8.33757195038603,3.11338862198357,NA
2015,46,0.490154127460994,NA,1.20444479451227,NA,4.330847903505,-3.01022425500876,NA,-0.80025875613695,-7.11579876094835,-0.771401441098567,NA
2015,47,0.949412743968008,NA,0.47059297975334,NA,4.86039639323982,-3.21605362045767,NA,0.0512689575533314,-5.8952304921833,-0.8116562956307,NA
2015,48,0.993479771208798,NA,-5.7133694763795,NA,4.9488124520287,-3.00379384278907,NA,0.0985493359957764,-5.16582856376104,-1.06888020463281,NA
2015,49,0.643603860407163,NA,-10.5502517771761,0.23623918381165,1.82298690784529,-2.79368507671602,0.332937287328785,0.671690704538293,-4.28976641241122,-1.64747287868521,NA
2015,50,0.485191002974029,NA,-11.2690770676608,NA,3.60493161446968,-2.62039861869413,NA,2.34448716489633,-5.46965649807027,-2.13520709447582,NA
2015,51,-0.0545203054201007,NA,-6.89952818310061,NA,4.4791157594444,-2.49827186242798,NA,-0.0734011096791342,-5.50950130321717,-2.31386611036179,NA
2015,52,-0.589257489140624,NA,-8.56181095201793,NA,2.92504949389359,-2.31986551753655,NA,-0.76768634877139,-5.15980337419219,-3.44330090695268,NA
2015,53,-0.179084980818652,NA,-12.9946212437478,3.88858854933887,7.6217636182218,-2.01230111800545,0.899414347122851,-1.61937485035133,-5.6739530212662,-5.17570205399489,0.1
2016,1,0.336605977829875,NA,-16.4710394853114,NA,7.02797321430682,-1.75957026351596,NA,-1.41792987078987,-4.43485080834492,-4.58990813033013,NA
2016,2,0.093572946102119,NA,-13.0440792503949,NA,5.91665603828702,-1.34264484440859,NA,-1.45889715259953,-3.88602312770007,-5.0036353944272,NA
2016,3,0.0361751275920367,NA,-14.6109874431838,NA,10.0978260352048,-1.06524140594929,NA,-0.659923253779128,-3.91718963027765,-5.04560208079098,NA
2016,4,-0.260665716180235,NA,-13.2372346777719,1.99721331869154,5.34725412589703,-0.704998295870689,0.943848441470499,-1.43960815092534,-3.3681865857086,-9.64611780164104,NA
2016,5,-0.625993098869375,NA,-14.2760488593865,NA,7.00005292097398,-0.287048578569154,NA,-0.358808646867815,-1.62384473194889,-8.45629826734172,NA
2016,6,-0.384570485276266,NA,-19.5516651665342,NA,6.6697739843714,0.017881062398713,NA,1.23364825397317,-1.58231702923751,-6.38371471774055,NA
2016,7,-0.243069792344802,NA,-19.0629921874018,NA,4.1116441762294,0.237106012145285,NA,1.84482207282492,-0.802681331315669,-5.72827602500568,NA
2016,8,0.0982460672811852,NA,-10.9094909591814,NA,3.72358231600975,0.2432248036862,NA,1.56086997818072,-0.773856484843572,-6.12065905990365,NA
2016,9,1.15639045308419,NA,-5.72782958604139,0.423829219323587,6.96596688321842,0.334041878615431,1.55480163884848,0.363368363401633,-0.563595990615513,-5.5196343597834,NA
2016,10,1.67893214845078,NA,-5.18935779084355,NA,6.62238167341854,0.604329202940562,NA,-1.74298999661413,-0.0779767799990395,-5.92625299914497,NA
2016,11,2.50789872663588,NA,-1.4840658120964,NA,3.92951941211875,0.978604486335947,NA,0.454045165363029,0.83667084982327,-6.20332355576321,NA
2016,12,3.37661870957047,NA,4.77251931051428,NA,7.64601224679402,1.35482388020819,NA,0.370260657038408,1.14539454462208,-4.50413326639815,NA
2016,13,2.6286816148055,NA,13.1143081417708,-1.02852706601735,0.151270296660151,1.63968022188595,1.12466040167156,1.37769040062397,5.47029685714892,-2.29503743902335,-0.1
2016,14,1.31707239851148,NA,15.3448930013094,NA,-3.51695910744295,1.71296239370515,NA,0.64741380740063,4.82193934403003,-1.95949784153992,NA
2016,15,1.11673688552643,NA,13.9680733379641,NA,-7.73328713547432,1.76112464654204,NA,0.179409770054536,3.91604069742535,-0.571360693282569,NA
2016,16,0.895788906244599,NA,3.31591872112234,NA,-16.4200931109868,2.07568865453853,NA,-1.05671286221727,3.53308781237795,0.0713419945362557,NA
2016,17,1.79332430316116,NA,-8.50327194863184,-0.330111122696428,-12.7253678223732,2.31585809236474,1.44558357847314,0.0646253053462761,3.16269154891361,7.18976184542202,NA
2016,18,3.00020640686954,NA,-3.27849408815023,NA,-5.72007925366466,2.54206735695535,NA,0.387487326565793,2.67229237535284,6.40061968627288,NA
2016,19,3.80612101353065,NA,1.59886351199527,NA,-2.37001861243263,2.90242796079165,NA,-1.96806373154312,2.15051704627993,6.20965223748337,NA
2016,20,4.0453138028877,NA,3.12074994338713,NA,0.643788288144939,3.30703294974561,NA,-1.92974148318175,1.17394137739195,4.41873391177392,NA
2016,21,4.13165219241773,NA,-1.32656451907979,NA,2.82026648031246,3.78749546784922,NA,-0.854329355811346,1.22392878365265,5.54864343054176,NA
2016,22,3.84377213888509,NA,-5.59924379892364,-0.991743665734603,1.9309036118374,4.09623412719075,1.53099719714205,0.60623635073662,1.20311505032855,5.09968993255017,NA
2016,23,3.61096969425343,NA,-13.1373031916467,NA,1.58960750735645,4.03773927925995,NA,2.08803960564473,2.75079462375722,6.541278274997,NA
2016,24,3.07471354315226,NA,-18.9033549623085,NA,4.15922661077055,3.85775294297398,NA,1.74264353738515,2.3182784676418,7.48911655309478,NA
2016,25,2.5117269402215,NA,-23.6330286076568,NA,1.68981831149605,3.59093884977874,NA,1.81513795262229,2.1813928315588,7.53708110582004,NA
2016,26,3.16032826510013,NA,-23.7203749268843,-0.707383284547831,5.68695668817694,3.27718928520868,1.9839174332219,2.28592304844093,-0.781426051108649,6.41556857809593,1
2016,27,3.75981693323816,NA,-18.5992322757284,NA,6.14568502540178,3.48973810690027,NA,3.05819683108842,-0.300922353076316,5.63758097268026,NA
2016,28,3.67019388272309,NA,-21.6103189323573,NA,8.99914556904326,3.76835805620841,NA,3.95524478201084,0.235364570676081,3.75726481009984,NA
2016,29,3.46455762054311,NA,-5.60557401301609,NA,14.5415071942273,3.95010576084326,NA,5.33682406052589,0.869691193239069,3.17335630194441,NA
2016,30,2.55120645509413,NA,18.6584573968556,1.36056520557789,14.0023904520289,4.29014919583039,1.97118461241323,4.36311013041901,1.34359809094265,-4.62456685301295,NA
2016,31,1.66458490463392,NA,10.7561213052922,NA,5.94561899819324,4.46864268060925,NA,3.18533785882203,2.04995355935094,-5.2742425367714,NA
2016,32,0.896938438811467,NA,10.8206340325321,NA,1.1410908207685,4.44027617664855,NA,4.51482937403841,2.95542343360989,-6.6216343443061,NA
2016,33,0.544575194525013,NA,10.8754892811756,NA,-2.03945916727229,4.41466136410895,NA,3.1536323957601,3.74165004548722,-5.95733517311749,NA
2016,34,0.518616791185759,NA,5.25750677552179,NA,-4.08726087528799,4.25793753924291,NA,2.15839371432843,3.62261088069709,-6.92205124398904,NA
2016,35,0.167719369805668,NA,11.2395699952882,0.803596855764036,-5.1014540386489,4.1665655968687,2.23091428406016,0.862397654568057,3.40422834088434,-6.33768981623171,NA
2016,36,0.295713057572501,NA,31.0721794904379,NA,-4.12804274955329,4.34046843351363,NA,0.968951106036721,2.35097372522022,-7.40519721678652,NA
2016,37,0.410541933640409,NA,38.817718791836,NA,-3.13231759050789,4.64870730773823,NA,0.669723785908407,1.83275878473874,-8.12863700905828,NA
2016,38,0.39245861362611,NA,39.8609558769965,NA,-3.91910374336164,5.05133356850344,NA,1.34358953017794,2.06305136930338,-7.96581779791566,NA
2016,39,0.0630467532851623,NA,37.5838613726553,1.3164270973626,-4.11703397522805,5.55981497285856,2.07964095248063,0.0488353898683725,1.98379521234415,-8.01042527222033,1.4
2016,40,0.398867592635385,NA,33.5954251457448,NA,-4.77924324245608,5.61578655106913,NA,-0.551955895965875,2.81772462376154,-8.28071278839891,NA
2016,41,0.773283135995698,NA,42.2919149192029,NA,-8.66335639236849,5.46889579458892,NA,-1.32706861527938,2.87178466237707,-6.52347601125647,NA
2016,42,0.985519844270563,NA,38.3855016814662,NA,-11.0241008505936,5.18137628898375,NA,-2.12329495710121,2.41520216353455,-6.66526359809267,NA
2016,43,1.19311974421415,NA,25.6179129213541,NA,-15.1635059033795,4.67416551899609,NA,-1.75709690929431,2.54550363096157,-3.71585850755347,NA
2016,44,1.54311117169155,NA,34.5998437297504,0.0465874688137006,-12.1915963639187,4.37055416812591,2.55447454639883,-1.3181243405395,2.09835882611294,-2.71558679034102,NA
2016,45,1.96206192549601,NA,33.6727543959505,NA,-6.8366103425291,4.24126663507109,NA,-1.23124625738289,2.30263729047229,-0.057993409885973,NA
2016,46,1.90451689324235,NA,33.7707481229598,NA,-3.99771468347492,4.20264358393773,NA,-1.09937836473715,1.82876185541475,0.153213555941045,NA
2016,47,1.15333078368812,NA,44.2672527723653,NA,-4.52537995047555,4.15440425949748,NA,-0.680198024996848,2.35189809677006,1.07513028114313,NA
2016,48,0.991098018886753,NA,42.3605891876623,2.78569545029663,-1.64295133058305,4.18866585423143,2.13816608854142,-0.230189206956635,2.77657173618019,1.17677387329566,NA
2016,49,0.565923693243231,NA,31.3892230979075,NA,-3.01887968720395,4.15873083329392,NA,-1.80172855839372,2.82926234572594,1.84331621802005,NA
2016,50,0.503319552319621,NA,28.543096732287,NA,-5.52037924793885,3.95494697272736,NA,-0.115697808341936,3.26346042866412,2.47942982477069,NA
2016,51,0.507401726175545,NA,31.4440560989931,NA,-4.97574335749665,3.60978592350683,NA,-1.36839493433419,3.79112785774746,8.25339259857178,NA
2016,52,0.345095184829879,NA,33.2730285542769,2.49090369195891,-7.87124458395705,3.29167913715431,1.77388243373814,0.177285283976329,5.4936060473215,12.3830510479455,1.4
2017,1,0.362226853078499,NA,40.6174802404275,NA,-1.74308866197184,3.16786117905669,NA,1.22870293478584,3.29915194424295,12.363574942348,NA
2017,2,0.235430609114766,NA,35.4738176726856,NA,6.188895293911,3.17452953736143,NA,0.749959530994761,3.39587423305335,12.146469304283,NA
2017,3,-0.00388167297445046,NA,34.2924877449569,NA,10.382495061076,3.21017877184989,NA,-0.357703326617278,3.83457371607444,12.7465267188015,NA
2017,4,-0.172195958993575,NA,34.3090803483161,NA,13.8404586083997,3.22100286336801,NA,-0.664115298733613,3.84338632978841,13.5289440161554,NA
2017,5,-0.330255260205425,NA,31.0953819787723,3.20834117375303,13.9966877569621,3.14864101269553,0.881062968215491,0.352960351580038,3.88370946435877,14.2407744372953,NA
2017,6,-0.589907221279213,NA,31.6404542589865,NA,8.65608871504933,3.01446720156738,NA,-0.528458879608151,2.99089032097017,12.3630201099883,NA
2017,7,-0.330739082302034,NA,30.3014984338026,NA,6.37124782202181,2.69087849832724,NA,0.646169127916691,3.04791518766003,12.5677441075468,NA
2017,8,0.522229997637999,NA,25.0725682037032,NA,6.15207891712681,2.46850397074023,NA,0.72868867761656,3.01942950553348,11.9714716282075,NA
2017,9,0.810885647177426,NA,24.2215172954525,3.33214078448118,1.76225335826538,2.18459654571641,1.13936377148036,0.521951979661578,2.79033499914166,12.1622317014429,NA
2017,10,1.3634346437536,NA,24.2495090272738,NA,2.73259415143281,1.90063150869666,NA,2.79719421069941,2.72452362523233,12.2406509151705,NA
2017,11,1.58112854681491,NA,21.6894524949494,NA,1.48899774671299,1.74115104679511,NA,0.175058120554388,2.91116454499105,12.0833529354324,NA
2017,12,1.71333104857889,NA,16.5660635901141,NA,1.20791197835851,1.72893099270245,NA,1.2709710033901,1.7905588137222,0.704865255107942,NA
2017,13,2.08067628630584,NA,12.9129525008289,2.07401482916552,4.56086354360616,1.58015400724793,0.788095147285371,0.415998884784968,-0.414294815800287,-6.84706278103331,1.2
2017,14,1.60039474220683,NA,0.529578997724116,NA,-1.4105226164156,1.27694783680491,NA,-0.769673973372097,1.4071540300981,-5.91602632808674,NA
2017,15,1.66097736192222,NA,1.61843340660998,NA,-8.54472503518217,1.03460980019589,NA,-0.103305203678607,1.36303761976046,-7.4778234372906,NA
2017,16,2.40566055840961,NA,8.26202335545319,NA,-13.4550937801411,0.948636400795173,NA,1.76392074251044,1.90159935758406,-7.72685942438291,NA
2017,17,3.09012515462134,NA,8.81557796941249,-0.452080335957504,-14.0942768320955,1.01694693286293,0.393959800408031,1.06378405623394,1.354261973106,-7.91863179473216,NA
2017,18,3.11797822332009,NA,5.59215299025337,NA,-14.7101261029837,1.11750682932793,NA,-0.162361231556041,1.20551441607618,-9.09028856659833,NA
2017,19,3.00761385832414,NA,3.12651168780261,NA,-13.2982212545905,1.30449420297015,NA,1.53198939452045,1.45926570169557,-8.5207386611224,NA
2017,20,2.80814946570446,NA,2.72168515201396,NA,-10.2977727375168,1.61317428207211,NA,1.94228164367412,1.16290159927935,-8.09013392051387,NA
2017,21,2.59547059177422,NA,5.30188519766667,NA,-7.56530651610368,1.88245330701986,NA,1.64916940903634,0.413744790920352,-7.95122572575735,NA
2017,22,2.78934537841613,NA,8.34503597563829,-3.01214051141407,-7.00959903750296,2.22558138391831,-0.305476999495708,2.23849601013319,0.160007678293471,-8.39574117392142,NA
2017,23,2.41698410221507,NA,14.9890303860455,NA,-8.16831893270904,2.58036889482585,NA,0.814861025508047,0.44041846416777,-9.62998281830533,NA
2017,24,2.1654091313112,NA,23.1665216130736,NA,-7.88037036610383,2.94161195156374,NA,2.2148340844404,0.17258459968049,-10.2470024387801,NA
2017,25,2.2360212142498,NA,28.4001119424634,NA,-8.77180015392735,3.2130964147008,NA,1.37698671666476,0.0467923529949395,-4.65146892440873,NA
2017,26,2.32225227701198,NA,34.0874885587619,-0.178651231079749,-10.4432223497847,3.5787998236802,-0.218293035821599,0.338236446141883,0.481884047797605,-1.79196512443178,0.8
2017,27,2.50987214803922,NA,38.7467917317358,NA,-8.81966429879632,4.11547005914381,NA,1.96353112424988,1.97038892227991,-1.67125129617304,NA
2017,28,2.09480537493585,NA,40.0830521963725,NA,-5.20091377879291,4.63749473633062,NA,3.24502042775134,2.82849015180661,1.22239304511251,NA
2017,29,1.01015420677398,NA,28.7535954698209,NA,-2.74886445835544,5.01473219345185,NA,1.88628406552184,1.96528588273503,1.63147842044974,NA
2017,30,-0.0915174014636999,NA,28.3720404286868,NA,-2.38551324529074,5.35846783269278,NA,2.11032316285926,2.12828618505843,2.54317196618171,NA
2017,31,-0.319369280447325,NA,36.2753500065413,3.34181241652845,-3.88792586480689,5.73875741771409,-0.0874125929785499,2.6523681597153,2.01122209321659,4.3245084406632,NA
2017,32,-0.357565990545621,NA,39.577478510512,NA,-3.22223936843862,6.16637437308805,NA,0.651148387556,1.86707557151551,5.97254442746383,NA
2017,33,-0.19894495589596,NA,39.9136657325933,NA,-6.88714728603938,6.66737261019784,NA,-0.169167753067506,2.43812721920247,6.70254050284536,NA
2017,34,-0.313865736982913,NA,39.0255041704703,NA,-8.89935869170205,7.20247194349651,NA,0.462240990013845,3.11046255931256,7.52635520702816,NA
2017,35,-0.476144147312861,NA,34.2140324594794,5.02886822203151,-6.64791267227988,7.63741084026707,-0.0437158476907357,0.255838566171987,3.95310589605145,7.25579091256254,NA
2017,36,-0.114766562614772,NA,22.8153554587974,NA,-8.42031995904637,7.92941683619566,NA,1.85648725057689,3.89121009359182,8.583784321271,NA
2017,37,0.377746725652383,NA,9.06808476735405,NA,-5.90794956900113,8.12629449473378,NA,1.36762356903768,4.5824427922724,10.3705857908259,NA
2017,38,0.570130876997719,NA,3.95993985463454,NA,-3.79817890407224,8.39418655602711,NA,3.62198777168686,6.09078943194666,10.0351260108739,NA
2017,39,0.591764356299286,NA,-5.61497310633044,3.4274005030205,-0.989980906653556,8.52639663528335,0.479617226349323,5.25863061411833,8.62720121810356,12.3829213540319,0.9
2017,40,1.041216994544,NA,-7.99919444077232,NA,-1.41099393295208,8.55761669377507,NA,4.08474394932187,5.4245511781946,13.0221145057855,NA
2017,41,1.63400962282129,NA,-12.7739653858072,NA,-3.60335248004399,8.43243155906592,NA,1.97635452222948,4.44063326983484,11.8438815373645,NA
2017,42,2.36979641445723,NA,-11.9486174571275,NA,-3.72928302436306,8.35194758273185,NA,3.75687941991359,4.30145500515084,12.2517341813722,NA
2017,43,3.43093772207719,NA,-14.4460679225609,NA,-3.11746689133271,8.2199615517203,NA,3.72459578534184,4.37129452918957,12.6318518903064,NA
2017,44,3.72682900729206,NA,-30.2336461435089,1.60838068335108,-0.505597244212809,8.02001760885262,1.04394162515996,4.13870435218117,5.15408863769635,11.2218021863758,NA
2017,45,3.87037849311172,NA,-38.7071067930647,NA,0.518513688166231,7.49599610465946,NA,5.4230876018083,6.17528035694892,9.5055441161904,NA
2017,46,3.61900212448652,NA,-41.7871292281108,NA,4.04582505055977,6.80604011036242,NA,6.13763096178926,6.16660117554663,8.79629090466793,NA
2017,47,3.56594239448736,NA,-44.8370872568752,NA,7.03594130958933,6.01460584877618,NA,4.9808298088881,6.70305384901187,7.8136719436723,NA
2017,48,3.13464476338424,NA,-44.8810198879917,1.46491202162321,6.17081865028814,5.23509891502882,1.9056445012976,6.10731792422003,6.02754332751364,8.11452536406774,NA
2017,49,2.20995178749903,NA,-40.6858743211216,NA,12.4432519796187,4.68460192944844,NA,3.88855729690475,6.05033092872937,8.23896338750732,NA
2017,50,1.03401797603474,NA,-37.6263653221592,NA,12.6398956175093,4.18210311411532,NA,4.17961557693005,5.6914136350134,6.74315093489277,NA
2017,51,0.287607892953331,NA,-40.757797606828,NA,14.7931785478089,3.58047993991662,NA,2.09717700993712,4.82316067562867,5.58855611576223,NA
2017,52,-0.380050312654301,NA,-37.4239247416767,1.71310399301836,12.6161865760463,3.13461805374922,2.57635546444935,2.41122272954839,2.90397854681359,2.43554389356135,1.5
2018,1,-1.41566447954555,NA,-35.8964979483812,NA,14.357831477883,2.80497013699528,NA,3.02049967893055,6.54710149748733,1.78096158942972,NA
2018,2,-2.15586745474915,NA,-34.4724030874343,NA,18.2524323272999,2.62460670073573,NA,5.06245977597253,7.61532704040226,1.84881604887476,NA
2018,3,-2.41189541909753,NA,-31.2709992658442,NA,19.4991213156375,2.31766872374384,NA,3.46828749796784,8.20828371291472,1.5623933330807,NA
2018,4,-2.99882783996887,NA,-27.9596055585341,NA,18.8538995751163,2.05094812776766,NA,4.85002992154113,8.4082892654963,0.302236761734756,NA
2018,5,-3.35954623562167,NA,-16.7936372080233,3.47492589657217,18.9213319261641,1.91539142417303,3.2775864238112,4.21890710920723,7.00284876553283,1.01024740869749,NA
2018,6,-3.45781553013395,NA,-8.57651204614315,NA,18.848192701913,1.76267514815873,NA,4.53567783299403,5.46324679950593,1.93984585664373,NA
2018,7,-3.3396136704261,NA,-5.62771009377545,NA,17.3125414474305,1.76562467856279,NA,3.07468920304341,4.90507608556066,0.858238684467959,NA
2018,8,-2.74494039134602,NA,-2.48022395312979,NA,18.3914612801715,1.84983673247694,NA,4.74452961398374,4.15348513349146,0.75824756196483,NA
2018,9,-1.16248178443908,NA,-0.328743695295658,2.15790052937959,22.0833333728659,2.03237004705412,2.62504488726162,2.17191077022929,3.71817974220265,0.131305386633642,NA
2018,10,0.294102375226104,NA,3.03135862028562,NA,19.0888760406331,2.13226646828562,NA,3.09720667640994,3.45403739032455,-0.110358806897425,NA
2018,11,1.84470990722816,NA,9.96598741337981,NA,17.1604913864322,2.34586577962922,NA,2.7497076446164,2.83268559080614,-0.870112805508968,NA
2018,12,2.82742743259519,NA,20.5462380137834,NA,14.2654586130711,2.74571060350745,NA,2.41923631813582,2.38345393842807,0.657427920255518,NA
2018,13,3.88957261794187,NA,23.330286033871,1.72599527848218,14.8227919553388,3.1392987644937,2.0143358375397,1.00929846752315,1.44220669508122,2.5784353779799,1.3
2018,14,4.91997527260247,NA,23.3342463836739,NA,14.0960292883169,3.41382975918899,NA,-0.64211172263519,-3.37736825813779,2.63834134017224,NA
2018,15,5.08810621620623,NA,25.0008889903048,NA,11.1826102641594,3.58139121991847,NA,-2.34916140299505,-5.77175998629988,2.68197236546375,NA
2018,16,4.7990540621633,NA,25.9158901811246,NA,8.66533113983265,3.89059059363794,NA,-1.04685180844768,-6.79535493010505,2.74550582432542,NA
2018,17,4.74605272711368,NA,32.9254083367911,NA,8.17987805427155,4.0875682309381,NA,-1.76649504602434,-8.21968754716085,3.33406498535402,NA
2018,18,5.0815175134226,NA,32.6126477806186,-3.21652781997967,6.13978508034033,4.02691920258404,0.750942202213135,-2.36899468142993,-7.84266160422303,3.67003878284356,NA
2018,19,5.14464602532514,NA,31.3452281114953,NA,4.75826215926224,4.428467047687,NA,-3.00606128897993,-8.03565270295774,2.71017443345149,NA
2018,20,5.1121006562472,NA,32.3812770198909,NA,3.31188171989635,4.70405051663848,NA,-1.99840017124231,-7.81484583622649,3.3183355956317,NA
2018,21,4.21943653803068,NA,30.2508780591399,NA,-4.5180802028917,4.99613615857412,NA,-2.15348664024648,-8.26770941012481,4.48473126620354,NA
2018,22,2.31798184905069,NA,28.5182938599841,-1.73109663778225,-9.18022607278145,5.14952796475745,1.82199657168329,-0.628788555026139,-7.80858161134345,5.83123305090986,NA
2018,23,1.13912181264234,NA,21.7008412120563,NA,-12.9342040133386,5.2189515223095,NA,0.382927855361522,-7.55712650921733,5.58395479273538,NA
2018,24,0.150425058036685,NA,6.58534425976019,NA,-10.3898108520917,5.1974259104536,NA,2.55044855012028,-7.31760030992163,7.63273131983481,NA
2018,25,-0.687340799399283,NA,-6.5694549764413,NA,-11.8491468693098,4.98278641182727,NA,3.41479884850844,-7.09274019427088,9.65674066022101,NA
2018,26,-1.76741598793642,NA,-15.7242290905356,-1.59868781380236,-12.3510178244441,4.6566689454266,1.19761910467156,4.3075289312929,-6.81803539211273,10.8916384144707,1.6
2018,27,-2.29779491268709,NA,-17.3839878620945,NA,-13.4961985249888,4.1970484030106,NA,7.10471593385844,-5.06407513744703,10.429464419593,NA
2018,28,-1.55926318925209,NA,-20.6246675861487,NA,-12.372604911483,3.85459689145378,NA,6.94085100834859,-4.00086221065241,9.77053453216321,NA
2018,29,-0.699894575989463,NA,-22.7905082116905,NA,-11.3048276578183,3.52188007133265,NA,6.37198960747389,-3.30056990797418,8.89437232641522,NA
2018,30,-0.323696722149462,NA,-42.7856325692841,NA,-11.5756342148062,3.31103283603455,NA,7.32964020544545,-2.03699115060736,8.55273864997925,NA
2018,31,-0.197266616565228,NA,-45.6366623302328,3.96341925885707,-10.1748801122412,3.20617406058713,1.93461477238651,9.49517333314396,-2.63486319761127,6.53098337274511,NA
2018,32,-0.248897833617616,NA,-51.5334996266175,NA,-11.7673293428259,2.79145969542495,NA,8.98231953120504,-1.34689297159684,5.93818130525188,NA
2018,33,-0.449317450331447,NA,-54.8364924076767,NA,-10.4813278183824,2.38650642644685,NA,9.92452389605414,-1.05198388748645,6.18335991822774,NA
2018,34,-0.234386358242761,NA,-59.3755293609722,NA,-7.94023419642722,1.92693495305817,NA,8.69348858469464,-1.04051245464242,5.03879028302346,NA
2018,35,0.0784104947505004,NA,-61.886593460857,3.22676224235965,-7.03061889975915,1.45145516904446,0.898698859098645,9.86434905267175,-1.84782096918615,5.04221721645285,NA
2018,36,0.451016013112838,NA,-62.6565064556957,NA,-2.86253846079395,0.95570733901733,NA,8.81673467115943,-1.85421702083291,5.15906298847376,NA
2018,37,0.511793227089063,NA,-40.3259542902269,NA,-5.16308492413886,0.405639974350458,NA,6.8478970917901,-1.28296459701471,3.52261920674859,NA
2018,38,0.696152058162698,NA,-34.1348283646761,NA,-2.76075596674943,-0.109727013274103,NA,6.24995504120877,-0.859158000621981,-0.606049723693923,NA
2018,39,1.14328547897216,NA,-19.0117067119106,1.43160339732061,-4.69710733832737,-0.527200966676783,1.74979032054029,5.56490464403352,1.25349674592714,-3.42129828816094,0.1
2018,40,1.39223542241196,NA,-15.4608127400294,NA,-3.10694694592957,-0.852714649006231,NA,3.35504180387322,1.24621601858776,-3.84124781607625,NA
2018,41,0.722214646186708,NA,-11.8399870222581,NA,-2.93267593411705,-1.42641476982469,NA,4.45427759792073,2.0142440240603,-4.2110662832039,NA
2018,42,-0.147998304641419,NA,-9.53621360628635,NA,2.73417785192211,-2.03881751324878,NA,4.75462521726411,2.43090625585398,-4.20227808780854,NA
2018,43,-0.477647000208828,NA,4.43643694158295,NA,3.88684373999941,-2.79618331286507,NA,3.20642172290872,2.78913550639531,-4.33097315835837,NA
2018,44,-1.07291121018302,NA,9.73414487534301,0.577083217349543,2.0040978972718,-3.59556765660086,1.65760819814926,1.72495681696185,3.12273766917885,-3.69163241497906,NA
2018,45,-1.09356314388941,NA,20.0390329526252,NA,3.30301866501357,-4.32684177395972,NA,2.50021920107881,3.90334515692138,-2.51313075084184,NA
2018,46,-0.764609488143186,NA,25.5368844899988,NA,2.40593355120646,-5.13677756323862,NA,1.38238294561089,3.78878252737779,-3.06793548738713,NA
2018,47,-0.488310843369963,NA,37.5670681716207,NA,4.57126390642262,-5.94338321452626,NA,2.70624625045006,4.8694484894218,-3.00471162871878,NA
2018,48,0.202197775569526,NA,47.52979232321,0.903126007108802,3.9016911557518,-6.58988488658604,1.77352492155816,1.06572037989344,5.88731136536434,-4.38250602926708,NA
2018,49,0.236371788603565,NA,59.3733082076538,NA,0.942587512995345,-7.03263598813714,NA,1.5192365976116,6.19200824272359,-5.17974995778671,NA
2018,50,0.406003289038762,NA,53.8564214671284,NA,-0.478669661770281,-7.52406167273636,NA,1.71194349075449,6.02592683194162,-4.73059461650603,NA
2018,51,0.894092098535593,NA,61.0020574430697,NA,-2.06231928128783,-8.06090088862937,NA,3.50394921199772,6.4367624532326,-3.66108125484764,NA
2018,52,0.976323653438787,NA,55.7188094454373,NA,3.45398881719555,-8.69118486954831,NA,4.01538879137992,7.00655551860737,-5.50425839153935,1.9
2019,1,0.804309965687389,NA,52.0905842015744,4.21588931150966,1.30701588475566,-9.12322011977566,1.64036484702783,5.3858676799227,9.11632263781068,-4.89766274486125,NA
2019,2,1.08138486235579,NA,52.2956046784297,NA,-0.239497587316259,-9.06666078272688,NA,3.56183852582334,10.0745193484078,-4.86793933330022,NA
2019,3,1.31279733176599,NA,51.9874369028326,NA,-12.0428099996914,-8.99841627925081,NA,2.98804021524962,9.49395079935623,-4.09027820130974,NA
2019,4,1.63470578087836,NA,49.7332933023336,NA,-9.12866519838584,-8.56115878037846,NA,4.10126617066128,8.708003869915,-3.43116504639035,NA
2019,5,2.1423900353948,NA,45.4309509645766,2.35591724786577,-6.40692043335551,-7.95741961355014,1.4726634305142,3.76636965894884,9.77576457439121,-3.50876804906383,NA
2019,6,1.93781017139719,NA,39.2559070518374,NA,-4.26352907387439,-7.36566128150813,NA,3.46452241529663,7.89948894097205,-4.59408744406423,NA
2019,7,1.33416021229471,NA,35.0397595555173,NA,-4.42588278276809,-6.56370711941069,NA,3.10948114278962,7.7027802706925,-3.85213323400631,NA
2019,8,0.797778206075523,NA,28.1108044016131,NA,-5.45911897381913,-5.65611059835533,NA,1.9077317828364,6.76910685598281,-3.04795593453333,NA
2019,9,0.0609509226534313,NA,19.4281821757377,1.46047220654949,-7.30481041091044,-4.78514635004879,1.58544739903453,2.52540432319047,7.50624498381999,0.486122181427355,NA
2019,10,-0.313377694028288,NA,9.48008728122856,NA,-8.07784524282298,-3.97859621419994,NA,1.46199442506664,7.40998813539025,2.41150780644208,NA
2019,11,-0.346965978968247,NA,-0.890743393885966,NA,-6.20367660713676,-2.95629683308969,NA,2.06178092667523,8.22186051577529,5.14991180855715,NA
2019,12,-1.17831100634067,NA,-9.43644677036654,NA,-8.31860316030258,-1.69666567717941,NA,-0.157761939882338,7.45313963990755,10.5807921251696,NA
2019,13,-1.26450971999803,NA,-12.847145947482,0.280168284123735,-14.8838740153084,-0.352610304903132,1.14422238706464,0.00698936334343298,4.05223494077882,20.1404427171261,1.2
2019,14,-1.34757392799479,NA,-7.50535862987228,NA,-12.1232683858584,0.90410732126044,NA,-0.647690991923448,3.20284492403993,23.9550058112801,NA
2019,15,-1.14927786779426,NA,-8.39639339540524,NA,-12.1403250312635,1.89075504458712,NA,1.57671678586665,0.728743422965795,28.3658037309989,NA
2019,16,-0.70090862468732,NA,-14.1979923843522,NA,-3.04383726451021,2.81907264082128,NA,0.511953460806869,0.943251254458451,29.5425904245819,NA
2019,17,-1.35268011166938,NA,-14.371401662845,NA,-9.10164091562821,3.36502382795073,NA,-1.04286675598543,3.11628427894241,30.1571525602356,NA
2019,18,-1.76683206500647,NA,-16.1423466114277,0.919087388801239,-11.1964054107097,3.86395183927383,2.88181936423433,-1.37069331909841,5.30927970166409,31.8592132866323,NA
2019,19,-1.2055300382236,NA,-17.3729031368976,NA,-12.184391676744,4.45709573845713,NA,-1.82777501653459,7.43073656968638,34.1123587405008,NA
2019,20,-0.0862791366583272,NA,-17.9549473135616,NA,-11.5238738675527,4.95944631088606,NA,-2.15269616798774,9.03695107089918,34.5480791074526,NA
2019,21,0.766743577096339,NA,-17.3944071456437,NA,-11.0111146124679,5.31091470633573,NA,-2.98036145657981,10.8014698103173,33.8505646652203,NA
2019,22,1.36150311009229,NA,-14.8785612052404,1.47913949973024,-6.45743122966004,5.5431239619136,2.29358936503309,-3.34148223759636,10.5204327124186,29.5502321930956,NA
2019,23,2.22989690607678,NA,-10.1919423691703,NA,-2.43697673172512,5.61039085745161,NA,-2.32487332229118,12.0322506516705,27.3564833532158,NA
2019,24,2.64527905750258,NA,-3.62618464629085,NA,-0.678238750163731,5.51479721091659,NA,-4.46936666920009,11.2048512524877,22.7342344604051,NA
2019,25,3.26037622608904,NA,2.34074374533854,NA,4.34588950087137,5.20044212143364,NA,-3.62316127177909,11.380304723955,14.246697723123,NA
2019,26,3.1854540160251,6.45623507503036,5.66595655302466,0.279385533956597,8.47808175624269,4.85491282646089,2.01948610725361,-4.04248139561191,14.1492795428429,4.53227769952596,1.6
2019,27,3.24190348305532,5.43167677750135,3.57734026748587,NA,5.58285231332077,4.41022054653617,NA,-4.44906687257433,14.2625720337587,-2.27777163783444,NA
2019,28,2.34878417204769,4.4361730081282,3.35488070728252,NA,6.3101158886876,3.98722160981918,NA,-5.80886323246203,16.3744075118942,-10.4755547109297,NA
2019,29,1.5917589109007,3.02882441299415,9.90780614329539,NA,1.75524019887371,3.5681538166423,NA,-4.98413479697305,17.3541503774555,-14.146449166092,NA
2019,30,2.02499441393927,2.13430271187403,10.3036716360043,NA,2.52762479951174,3.34110241598079,NA,-4.43495378713887,15.0723097902811,-17.2033110023851,NA
2019,31,2.10287219731022,1.26282467769603,14.7452538151703,-1.24076036420261,2.63348487282871,3.06045907327338,-1.85979788962806,-4.11701569295446,11.479963730532,-20.3294338394205,NA
2019,32,1.37208249556617,0.31561998656113,23.6487358715339,NA,2.86166208387253,2.62375286882384,NA,-4.09597002454959,10.0260788939056,-22.9492614890285,NA
2019,33,0.304708782683856,-0.515467304909982,26.8333699567861,NA,5.70417473457737,2.22361213921261,NA,-2.66950055676951,7.73369744193698,-25.680128010039,NA
2019,34,-0.571558983522122,-1.06624787460531,27.7301124713698,NA,7.71335249739214,1.91059035476204,NA,-1.46821250271606,5.63688651436658,-26.5312739392776,NA
2019,35,-0.856788460466614,-1.79984944368438,27.4087611454396,-1.80185055026784,5.95299647960377,1.65313085291563,-1.39321138968687,-2.2218156542711,5.08746076985911,-25.6166869778601,NA
2019,36,-1.87319449781588,-2.76769574910864,25.2845192608852,NA,4.14445348944487,1.55784082535763,NA,-3.80226451618043,2.68809896849689,-25.2678845016468,NA
2019,37,-2.98316767682947,-2.97393153909999,23.5554614352396,NA,0.354534512063262,1.52067369887869,NA,-2.6381519049987,2.15762897326845,-23.0487758551068,NA
2019,38,-3.42756222143574,-2.97310589818036,19.2889305039507,NA,-3.70522942690583,1.63444452987268,NA,-2.96579071599435,2.97363880745683,-19.1855910736196,NA
2019,39,-3.31796723446882,-3.12301923896563,17.8343318061351,NA,-3.15868115496948,1.74358801195955,NA,-3.37220206244172,1.28302325544494,-16.2307698772915,0.1
2019,40,-3.07219387875216,-2.97287674237417,16.98722020155,-1.16257072073944,-0.0498979798068098,1.88545963985606,-0.733169404206386,-3.28434233431877,1.47658726212337,-14.5260770835674,NA
2019,41,-2.35418531426463,-2.79064718304915,18.229341774732,NA,-1.13216206119568,1.83025859191531,NA,-2.78610325243355,1.23569106259946,-9.85748348289272,NA
2019,42,-2.06701244687844,-2.46949865136612,19.8488697065455,NA,-0.683857798381334,1.89929578445492,NA,-2.35100768838814,0.767057595199576,-7.43009580813694,NA
2019,43,-2.28125656966013,-2.26420685195776,24.3572874058489,NA,3.37705407733258,1.88685557858293,NA,-1.24770311141387,1.54368518088719,-5.35115626265491,NA
2019,44,-1.97848601204428,-2.31063904655567,19.1825675393798,-0.201572331907876,5.64917676823596,1.84813024643577,1.24370044603509,-1.07006025727548,3.8434796692899,-2.3021574039328,NA
2019,45,-1.56309585621761,-1.83769007629146,8.89158907792575,NA,4.46732780416808,1.9457882662435,NA,0.0449381251339668,6.53693604792325,-1.10879579228488,NA
2019,46,-1.23486431638713,-1.19384121353286,6.45974299668162,NA,-0.543685926539322,2.06349606493396,NA,-1.94142979569986,8.9450429324522,1.85445596719569,NA
2019,47,-0.837821464573429,-1.25742231613105,5.30689873898072,NA,-5.92061677049662,2.1997304408085,NA,-1.00324324861203,10.796005130331,3.89806963553782,NA
2019,48,-0.84880583947978,-1.46919709890555,5.93342655037397,1.08500160240656,-8.74314000257302,2.32202427139621,1.70019551411573,-1.08150498460286,12.2644208917289,5.57957280376752,NA
2019,49,-0.505831410458793,-0.987116178090626,6.93678088858669,NA,-7.93044443306615,2.39645402073089,NA,0.05414945922491,13.6721033737068,7.24990276460482,NA
2019,50,0.109545740976391,-1.03288655217632,9.3109608175838,NA,-5.82191700722128,2.45538656052368,NA,1.48986443944932,15.4827458745363,8.1271817387342,NA
2019,51,0.0149157959757111,-0.702222166287286,17.5669732284826,NA,-3.09975979200187,2.39186177095996,NA,1.63256489863033,15.8838991155,8.75026362743475,NA
2019,52,-0.316474163956846,0.00464772145782862,24.1706594440094,NA,-7.09598292851702,2.39939295944171,NA,1.95102648821588,16.3280316773625,8.92311220500313,1.5
2020,1,-1.15453849479193,0.758272270320001,34.0449821929516,0.281860464437668,-10.8651226140917,2.45486376637592,1.80392533232935,0.673469777329461,17.0321938894064,10.7087225756037,NA
2020,2,-1.91255409690114,1.27713017567355,33.8984490340713,NA,-10.2519450312652,2.74164974219679,NA,1.03435090401627,20.785666236299,11.2546872208359,NA
2020,3,-2.152137759771,1.93050454142827,28.5709119032892,NA,-10.0831539125645,2.95877900226129,NA,2.04711712040786,22.7130868938873,10.9397036283542,NA
2020,4,-2.20435349742476,2.55723011025514,19.6276434453604,NA,-17.8912466139021,3.26338063730028,NA,0.403697745282799,24.037958851462,11.2956801356925,NA
2020,5,-2.74931846922397,3.08703712049224,24.9512305423213,-0.161550923665468,-21.4627663586787,3.52081743088413,2.4419374386202,0.886034019002908,23.4438319692156,11.2193930715315,NA
2020,6,-3.09490060913862,2.8200352035266,28.2447858223686,NA,-22.1491911718336,3.68598815808574,NA,0.296203345024414,20.5599218875503,11.2236437502015,NA
2020,7,-3.22205108181073,2.46473845951898,29.4358039078269,NA,-19.5509551265084,3.79929492377509,NA,1.06014671399406,19.2937402015428,10.9749166771143,NA
2020,8,-3.49516449005128,2.4808756215183,29.712412802616,NA,-16.8338408504251,3.89983954530699,NA,-2.022857449736,18.8750422761242,9.50245570676129,NA
2020,9,-3.6519014174878,2.56205462942027,29.5444471106462,-1.93710657559996,-13.3594192148754,3.74208528711923,2.49729209313801,-0.517145448401885,17.1774782001563,6.91847125256403,NA
2020,10,-3.72535165182565,1.92629017670091,31.457048396082,NA,-14.5977983749738,3.50606980206512,NA,1.63229651271474,16.8835387997541,4.83604124296324,NA
2020,11,-3.74833793165908,1.45347612158292,27.41964911668,NA,-15.7675732059129,2.67818872533487,NA,-0.334828119821515,15.3752141899838,1.44717425359404,NA
2020,12,-3.53739774228765,-1.00408645474081,16.210873078836,NA,-19.6546807878248,1.22494913887212,NA,1.73544154738601,13.9324235757962,-3.37842509815275,NA
2020,13,-3.65925829941943,-5.3297048748477,4.19504227204167,NA,-11.3591172281973,-0.243246826687741,NA,2.25364078703178,15.6653359633968,-7.01453523478543,-0.4
2020,14,-3.19318490725913,-10.5445556330802,-9.61075708974418,-1.58058001711878,-10.3090254398242,-1.77135401158807,-1.26317469059006,5.85356767270158,16.9378651801848,-12.087018057679,NA
2020,15,-2.80458402433611,-16.235937455003,-12.8365178422761,NA,-8.82304806062806,-3.1227530647562,NA,5.57171671659394,11.2826695755129,-18.5320212569118,NA
2020,16,-2.57579708316198,-22.4547878424942,-5.78092642776178,NA,-9.94707595783012,-4.16539977599702,NA,3.39610270774017,8.62995283765467,-22.7324676439849,NA
2020,17,-2.48503552479459,-29.2122967308387,5.59780714006113,NA,-1.40719907562264,-5.26421302879002,NA,4.55649015760678,6.11009973193523,-26.7308392517528,NA
2020,18,-2.3411012237493,-35.4323839931773,7.56309810207165,-3.83157064655705,-0.531409184309809,-6.07392683832366,-7.87870570816376,2.9786963003113,4.73049208524222,-32.4992067033741,NA
2020,19,-2.11017048424595,-41.0129895951825,8.20518823171096,NA,0.336661976061911,-6.93306013639202,NA,2.18034383246525,4.30303489810015,-36.1579188945952,NA
2020,20,-1.81906632469804,-46.740689884312,8.87026242864349,NA,-1.44438157225336,-7.82803469034738,NA,2.90026680778007,3.59648395935028,-40.8132754949876,NA
2020,21,-1.49866648327527,-52.6905987171325,10.2264041499232,NA,-0.321418140732074,-8.64519636742854,NA,6.01707748433874,2.06574655865379,-42.9410319457743,NA
2020,22,-1.58390941861297,-58.3111144898609,11.7637055393234,-5.05643532494268,-1.26903286323984,-8.64162455688866,-10.6773238708257,5.18352715097371,1.51063611078293,-42.5708673607711,NA
2020,23,-1.57449235691129,-64.0084664088997,6.50701362303616,NA,-1.62318199298054,-8.39098578797403,NA,1.66558912478519,0.157811749918083,-42.20718835827,NA
2020,24,-1.468013773684,-69.2893532933819,12.3477996298862,NA,0.96835346786874,-6.84995986082386,NA,3.23517829579746,-1.28196777441358,-37.6213835447333,NA
2020,25,-1.00476341566134,-69.7029913504392,22.5338181498063,NA,8.03724558283936,-4.01181246455119,NA,-0.245800789172069,0.147042079777523,-28.9024636040893,NA
2020,26,-0.227075177614609,-65.2630898025335,28.8844201952589,NA,-1.71082159118471,-1.29383942554768,NA,-0.604211760065173,-1.91903955961331,-19.9507350558463,-5.3
2020,27,0.320611431498892,-58.3322573423355,28.3989254598809,-5.32732373577798,2.08388589813503,1.45855134829085,-4.00839515839989,-2.98623384719108,-6.16910922531626,-11.4220778252033,NA
2020,28,0.91215703816057,-49.9827745532452,30.5522488115137,NA,0.74164073949972,3.70819869509583,NA,-4.09812489540043,-6.7281849551636,-0.641806730354126,NA
2020,29,1.20621414613175,-40.8009189394957,21.7938408985333,NA,7.57987015292956,5.25526796744163,NA,-2.93448332033822,-7.69650319035069,7.37040672319763,NA
2020,30,1.65020118505089,-31.6367813104271,7.98489034918814,NA,5.40679595460436,6.72609692720296,NA,-2.93638896307283,-6.84871777140735,13.7981352443485,NA
2020,31,2.20926724119413,-23.0347524546907,-0.257592912132995,1.33502191381691,7.82186709011383,8.06054032405177,8.40502271259122,-1.16422474683431,-5.95108973672571,22.2052621238046,NA
2020,32,2.71339220256719,-14.4172787761787,-3.78678687653355,NA,11.1026309590936,9.44020276278445,NA,-0.776968380778476,-5.51468415349046,28.2786108314249,NA
2020,33,2.74495188378447,-6.01266444095308,-4.34472881465785,NA,16.2742329905018,10.7912506000997,NA,-0.815301093438916,-5.01998833860096,34.3349151261914,NA
2020,34,2.75702142521362,2.34690919651419,-7.90849778860045,NA,18.1202346538678,11.8675021832531,NA,-1.98095108430847,-3.3557337624176,38.855620204618,NA
2020,35,3.26220352673082,9.94308333738099,-12.4979676060351,NA,19.3438543830723,12.3850761706558,NA,-1.59827586114396,-1.22209294683158,41.1907445153333,NA
2020,36,3.74178717725074,18.3445907324162,-11.2545495470594,6.79350182583434,20.8106030330733,12.7416777782953,13.1866806305914,-0.193369103594409,0.947519332119513,42.9381994185646,NA
2020,37,3.86931917438432,25.9164641697478,-22.2955872248226,NA,18.6498591392561,12.3601986976741,NA,-1.51693634331491,4.53849068516442,40.8017205185383,NA
2020,38,3.63616927549612,30.4467980791492,-40.4038839361544,NA,14.2254372251618,11.3782016913511,NA,0.560410300131382,1.68664118400396,36.3858769448293,NA
2020,39,3.25524311473874,31.5143166620878,-46.3743988809914,NA,18.498195993383,10.3720518405811,NA,1.02095496143291,0.664615315151211,31.5236169119171,5.9
2020,40,2.81242249834198,30.3244178518548,-45.6625399796996,9.01659537381453,14.8212556650034,9.28132417734318,10.6762899940553,0.180198083683359,-0.719522303320898,28.3644373248037,NA
2020,41,2.46278062465666,28.2775841442849,-48.6227624137135,NA,15.4211120632793,8.38891177573602,NA,1.50968845808064,-0.47624869211308,23.5680929958312,NA
2020,42,2.70103583536309,25.7874664450611,-48.8699553544092,NA,9.33145212878751,7.87022767520503,NA,1.52769125451308,-0.984200715463742,20.5865485320707,NA
2020,43,2.68658600883681,23.4863138371563,-43.0889079667754,NA,7.70149767406252,7.38176021203753,NA,1.66142555897195,-2.1350890681251,18.0512451057326,NA
2020,44,2.48227466540961,22.003702941396,-40.4105440778246,5.63983516164521,6.34460340917105,6.35655989809918,4.93792027149381,1.31681840196479,-3.82028005294513,18.0068223806344,NA
2020,45,2.16667681527791,20.2788865215022,-37.1479093851124,NA,0.960413465854218,5.25617570166352,NA,1.48548856481221,-4.94536735126977,14.9222579578427,NA
2020,46,2.00415859272927,18.6598136083343,-43.7736927898345,NA,-2.70997947837877,4.27428391038168,NA,1.61602461164401,-6.47575932840497,11.9008823086821,NA
2020,47,1.8546414632515,17.4446198181553,-44.0300248589947,NA,-6.85690496916106,3.69050277147318,NA,0.00281898632130811,-9.94493696107632,9.10083069111856,NA
2020,48,1.51707814284301,16.8968997403074,-44.9940445015299,NA,-8.73728708974034,3.05352919360868,NA,1.42342326412916,-14.7165673465705,6.92238485436112,NA
2020,49,0.954972215249843,15.6209006067661,-46.2725342488926,2.06111140963422,-10.4750694033093,2.39315920851718,2.26995875161068,1.63435390811003,-21.1213331302115,5.1090999961168,NA
2020,50,0.67923267979102,15.0924268616713,-42.4839223366647,NA,-10.2397417444479,1.89685051787296,NA,2.26618186119917,-27.3728927971836,3.76704326558565,NA
2020,51,0.297412922842393,14.2711353830076,-33.5403659048761,NA,-10.7587455877042,1.37261814821144,NA,1.54987255874378,-28.051965810031,3.35163808636812,NA
2020,52,0.20361360244151,14.2369647327434,-30.9140550035259,NA,-14.114680766009,1.01471217564758,NA,-0.196916202216172,-29.0256359198037,1.71178352665724,NA
2020,53,0.172771159335147,14.4540684379569,-27.7757227428001,3.21546198542914,-13.3122446891376,0.867449354026958,-0.288704639360895,1.72292595620156,-30.0904309949707,0.837940114304214,0.4
2021,1,-0.0645159317592235,14.478529816334,-26.0188043554339,NA,-14.9701020022313,1.0567609963679,NA,1.2140319987374,-30.0869235841802,0.220631577233903,NA
2021,2,-0.470795978546743,14.5467726156476,-20.8315101810796,NA,-12.2979800456969,1.52078288964636,NA,0.967218445956839,-31.2109994565406,-0.847941341232748,NA
2021,3,-0.719410399523618,15.1909623566764,-20.6927743962478,NA,-9.84381700839577,1.98660980259149,NA,-0.409745421372726,-33.1818207626633,-1.13897268166226,NA
2021,4,-1.00974802274012,14.4071121541134,-20.9219270720759,6.55661950149941,-9.5653570315733,3.14743026204237,-3.74521138789473,-0.492185530982232,-34.5614917409584,-8.87779505693024,NA
2021,5,-0.902276550795394,13.0729821716726,-22.544939255176,NA,-1.65616976975434,4.47312708278696,NA,-0.180541981757803,-37.0790229833939,-7.20581216713512,NA
2021,6,-0.0783762625465383,11.8112065779428,-18.3566442198302,NA,-2.98302800256371,5.64270672939998,NA,-0.690885797529552,-38.2323022680492,-4.83804090872271,NA
2021,7,0.802999054769077,10.2414940936793,-16.9535258068904,NA,4.61514027326417,6.41498101315275,NA,4.35620254220824,-37.0113836411863,-2.98440288482497,NA
2021,8,0.931765049134939,9.41293628936008,-14.7440015605329,9.49891467886728,11.1580641907502,7.20331771605276,-4.33188747188422,1.47510814756814,-34.9856907391224,0.362809258333791,NA
2021,9,1.21499046555868,8.94614582011305,-14.3189939847363,NA,12.3807709588355,7.95224982694919,NA,2.49095523314061,-30.9826279957347,3.18196114267096,NA
2021,10,1.27950646080014,7.96618794642219,-12.6239516471919,NA,13.8989766189922,8.45035560116542,NA,3.15567816486911,-28.3208556962087,8.33770140062876,NA
2021,11,1.70140173033438,7.24255747878021,-11.156831048669,NA,15.4444102178015,8.93106365088084,NA,2.52201993037366,-28.9632367757984,12.8610877613793,NA
2021,12,1.87096998786959,6.37681800954979,-13.3293958527881,NA,21.2948505552663,9.31407570136873,NA,4.46561781091291,-30.1079878837578,19.2521988874085,NA
2021,13,2.23014013326175,6.64124598252952,-16.0538155685326,7.45435833775991,21.4111888080608,9.44177346099925,0.180538052286786,3.21131416373613,-27.7190114773129,22.5620300796414,2.2
2021,14,2.59756674255745,6.84715484938149,-23.2647479363273,NA,23.0080938616529,9.07810912676617,NA,3.33628136335442,-29.4541683761966,27.3878731828602,NA
2021,15,2.20583062341086,7.04202636577185,-26.4231479244451,NA,20.3522775763947,8.31794471916245,NA,3.67519160580817,-27.5547600525286,32.0969529767408,NA
2021,16,1.80579338611403,6.86252442039573,-27.7199911492715,NA,18.3673958643225,7.67507883306235,NA,5.78250819104796,-25.1386763879764,34.8765478756488,NA
2021,17,2.33201267220175,7.71205334329984,-28.3245124853742,3.67344147599854,17.5232681012191,6.82977529972515,7.2863351006625,5.22422030703198,-23.7596506594373,42.2523971599536,NA
2021,18,2.09986012172043,8.77622951199491,-27.4915215906732,NA,6.34500974762756,6.07290887934939,NA,5.76578665706629,-19.707287709186,43.7087598154603,NA
2021,19,0.405469502773721,10.4804097941778,-30.8931760831314,NA,6.02916922608482,5.53243796505088,NA,5.73642767136542,-17.4953979169726,43.972077529931,NA
2021,20,-1.18889199325086,11.8721494924466,-33.0877565780007,NA,-5.70754750116709,5.17617297934749,NA,1.35636897484474,-16.6786349083837,45.1829007497479,NA
2021,21,-0.804344270021477,12.1704373883447,-32.752732001982,NA,-17.8760308036164,5.04664563077441,NA,1.82128176799994,-15.0635236722212,43.8314706906944,NA
2021,22,-0.674790292367639,11.8696978436646,-30.1376915433938,2.67527394473874,-15.3474986104032,5.05194797141885,10.8814365673623,-0.175475014150765,-13.7921227797742,42.9852120267362,NA
2021,23,-0.503658213946987,12.0851989343136,-30.2793702036951,NA,-15.3918043910791,5.16924679055618,NA,-1.11367803440771,-11.1184813726605,38.9461752915226,NA
2021,24,-0.513092702164826,12.4138795274119,-28.4992875377053,NA,-15.8310940830342,5.21301343534173,NA,-0.191862280105481,-7.74721465262951,33.8385087967199,NA
2021,25,-0.222362926947424,11.5291445188353,-22.8323877773081,NA,-20.9897463349049,5.2574373092027,NA,-1.13106376225961,-3.18280088611043,28.1623397060442,NA
2021,26,-0.474853269990675,9.3550113304392,-20.9608795393102,3.16934066232487,-19.8275056523734,5.51565697211744,10.3735819930825,-1.27046027196764,-2.30306626463327,24.9208054327268,1.2
2021,27,0.0345670755310954,7.68884265102846,-5.75542531333072,NA,-18.7613783874859,6.00252422838016,NA,-0.933889477772932,2.48883750544115,18.94879442285,NA
2021,28,1.11432801077148,5.97516557992418,-4.14009951594983,NA,-14.2550479085224,6.68728585153574,NA,-1.69714751110178,4.80439761942767,12.9659613903285,NA
2021,29,1.78591917150546,4.87491936819462,-1.18431903132499,NA,-14.3457315452496,7.19292071455118,NA,-3.09552327836961,6.74537365917239,9.12884352399285,NA
2021,30,1.3997317181565,3.591276474806,1.09387312905538,3.98597212170095,-12.6036052850771,7.6957902602307,6.72690303429493,-2.23812930528127,8.69823985169398,5.89581907959339,NA
2021,31,1.00285475795353,2.71311050529532,1.35765824417281,NA,-6.1096221123258,7.94799232906497,NA,-2.70194716172495,9.26639349648517,2.26325840094153,NA
2021,32,1.94290572866482,1.48424440033122,10.5373177507364,NA,-3.01655395932826,8.01361174063167,NA,-2.30381836848321,10.3075276756844,1.16810581649695,NA
2021,33,2.64163441142318,0.504350801262342,14.3803071963812,NA,3.370862158491,8.18041941894293,NA,-1.60816995437316,10.5477011811942,-2.14845715175498,NA
2021,34,2.1322316364032,-0.499831571262649,15.0063694704201,NA,10.2366985070529,8.14162466111512,NA,-0.96092569343736,9.51989828138158,-4.04164096757121,NA
2021,35,1.9322975171097,-0.548966604492351,14.6353410496244,1.92644416500211,5.59941539634177,8.06842602016394,3.70109378566168,0.407217609823101,9.74274531542101,-5.82685882435733,NA
2021,36,1.89673353389124,-0.76712033054617,16.2581036005767,NA,8.64716689112427,8.01883914431305,NA,0.531164150191141,7.93789238526467,-6.01089348646775,NA
2021,37,1.91744481042675,-1.64505951495886,15.7911741638519,NA,8.13245122017361,8.11078930119353,NA,0.10549069927282,8.80144120750578,-5.60053379793624,NA
2021,38,1.70836331610978,-1.04159679100352,12.0940116576415,NA,10.4404057827845,7.9357258641984,NA,-0.504090818529207,8.79040280781514,-6.12782543608412,NA
2021,39,1.93139791130519,-0.131119761099518,14.3188108754644,2.43831924162163,8.75811760266573,7.4124054401127,0.421873090404848,0.920920881424285,9.44583168862816,-7.24467592588885,1.9
2021,40,0.971507937960743,0.435014725003634,7.58572933892218,NA,10.3444670059059,6.6500989848582,NA,1.31787684208623,8.07391178035229,-7.11524977117192,NA
2021,41,-0.066195704109939,1.4274292711411,6.78875475197059,NA,6.57720249076784,5.59025590453341,NA,1.39953533660648,6.77935353506479,-6.50285470779624,NA
2021,42,-0.306744185564193,1.77308638597516,4.6097133580293,NA,7.38121015340711,4.82329345935624,NA,0.442487991069963,5.81914076330275,-5.61714700141967,NA
2021,43,-0.381225790818024,2.05748813036359,3.49510983524497,4.61492676465882,6.15456003930146,4.06073056783363,-0.873367996875455,0.463214363571018,6.14913502079289,-7.38935558255121,NA
2021,44,0.20845364895285,2.57658871188387,3.62245184504002,NA,5.00187126475148,3.50170310529702,NA,-1.85769969706818,5.7332109064931,-5.53578611209068,NA
2021,45,0.426059831136648,2.936201756508,-1.75272681384688,NA,4.35303156349277,2.93989206347029,NA,-2.35345002459896,5.01505970152492,-7.42402968512833,NA
2021,46,0.696039631224137,3.87525625228682,-1.8272277447664,NA,4.86440662793357,2.1223992595174,NA,-2.52731904739943,5.60003183000077,-5.95832344791354,NA
2021,47,0.810849705005508,4.84463919933328,-0.639940071339556,NA,6.1836772682002,1.27880350241242,NA,-1.92181305999073,7.08831549351497,-5.25741417782865,NA
2021,48,0.91683274171565,5.31553167487417,-1.69487900625659,7.95446148344645,9.88699513133551,0.273584950091788,-1.29451645920371,-3.32937444075887,7.26850544799637,-4.81886006078766,NA
2021,49,1.33921559229806,5.0466263115148,-3.10687391984602,NA,3.59667901433264,-0.714366279034178,NA,-2.57448571587615,8.52870271375063,-4.06989373838797,NA
2021,50,1.14795614072074,5.78369222606109,-3.71460067904974,NA,4.29765750888684,-1.75636967827828,NA,-1.41842579428173,7.17771205250656,-4.07441132155621,NA
2021,51,1.38025126570789,5.84339330154626,-1.25325559825818,NA,6.7540762375374,-2.19208357819639,NA,-0.452234131454622,6.4472274955828,-3.15789006555494,NA
2021,52,1.68995558550024,5.45079934805678,-4.60433698821255,8.92392936959557,9.05295308528774,-2.12278997133595,-0.780238028418501,-0.882848773603475,7.75984639690736,-2.63013126725694,1.3
2022,1,1.74482462481875,5.610228005078,-5.97883757775332,NA,4.28095282908293,-1.68733958417383,NA,-2.31973403623844,11.6250590807902,-1.54329342985288,NA
2022,2,2.03938544558146,5.30065545040276,-4.67264119523305,NA,4.84261124560294,-0.824551737332242,NA,-1.82633212753466,12.0174397403049,-0.929087500835308,NA
2022,3,1.85787344651065,4.92656994498147,-2.91584316266428,NA,3.12541883169306,-0.443978260666715,NA,-1.51976991394843,12.2190307031581,-1.65879445077457,NA
2022,4,2.03720658970678,5.02830076708907,-0.855471389282257,NA,2.84745814131815,-0.426141991325518,NA,-4.48110654258031,11.7203001167165,-0.796314463235061,NA
2022,5,1.99714767630071,4.09711623474857,-0.543018687549887,7.46872054966855,3.72669739336951,-0.506353258628093,-1.27515214820316,-0.856797539513487,11.4260997788098,-3.20442763750705,NA
2022,6,1.4522534142948,4.185146486872,-0.0618151604736534,NA,1.36898128511832,-0.516964176022389,NA,-1.14510831575187,12.1297894530928,-3.20149564309248,NA
2022,7,1.18465456788369,3.47602180051784,-1.0041896513045,NA,-2.43337234313145,-0.460358865556974,NA,-1.8780777295539,12.3370798531675,-4.93158931101576,NA
2022,8,1.47606130085502,2.82167214513805,-3.43798334945923,NA,-6.71236599461898,-0.57356668597602,NA,-2.46908023835099,11.6986995290781,-6.29475061307898,NA
2022,9,1.68303146901537,2.41916353743082,-1.89364648153912,5.56889058605886,-3.58933332567764,-0.902111189486058,-1.17956806727653,-2.52053578398375,11.9284251782249,-8.15912604249207,NA
2022,10,1.04739487450512,2.72379984833955,-2.02388413493847,NA,-1.45532192552578,-1.58569821695799,NA,-5.55747729438308,12.0688512926053,-11.6187737098359,NA
2022,11,1.34107303187161,2.68534562233914,-3.54987387195396,NA,3.35747463447317,-2.06780526233821,NA,-7.41202814912669,15.8105185841422,-12.9223067514153,NA
2022,12,0.420422390194455,2.71312131615765,-4.53011176592951,NA,1.74060080700027,-2.66948481718177,NA,-7.3516757977409,18.7525607042427,-13.7079231946144,NA
2022,13,-0.372951877404205,3.93554038828704,-1.36001451433697,3.48802647462204,-2.28912229278121,-3.46795369637671,-0.687738096351078,-9.45548663880826,19.7530513162073,-14.17513002295,0.9
2022,14,0.552980276975732,3.90564759792102,-1.05282305489155,NA,-1.61404565033882,-4.28662260820414,NA,-9.38312346636781,14.0575273624957,-14.9515480307946,NA
2022,15,0.882407918628396,3.9582017950921,-2.84048381851105,NA,0.59872282207932,-5.44784139958261,NA,-10.198053058263,14.4658391741011,-16.293655665618,NA
2022,16,1.22383188378586,4.43921497133589,-4.63736545344758,NA,3.39927303708362,-6.21872603033594,NA,-8.93331686311267,15.013511306694,-16.1810925471183,NA
2022,17,1.26148338306742,4.60581066810798,-7.73374557487251,1.34591533740047,5.88319251004906,-6.3964846666919,0.655955123411055,-4.85327930311401,15.4262797298371,-15.2222474847615,NA
2022,18,1.03067417993258,5.66407598776711,-10.2674666108486,NA,7.88787487891694,-6.67496536366127,NA,-7.63131544811642,16.2241729876464,-14.9824982772256,NA
2022,19,1.25765550429784,5.31635563539096,-8.68260767484943,NA,10.3879223966909,-6.98748084998779,NA,-7.11334709798218,16.1528108893896,-14.597774397474,NA
2022,20,1.16821325166545,5.39080080453187,-5.57844864292318,NA,15.9309831328747,-7.02737162917098,NA,-5.29313356767338,16.552113415394,-14.5425557682465,NA
2022,21,0.416887242120757,5.58567325163393,-3.74150714290633,NA,19.630323719008,-6.51745787755129,NA,-4.92978760022931,17.0688267809339,-13.6792025900188,NA
2022,22,-0.495887472620196,5.08432234574803,-5.89169803252554,-3.4209480854404,12.3819092176148,-5.37301710077888,0.787922658053027,-4.03207761338306,15.7419692526941,-12.827247999226,NA
2022,23,-1.28170109683729,4.96582700791183,-3.65051788983141,NA,12.1643336332651,-3.59494331063759,NA,-1.62375293635157,15.0241150456755,-9.59723832710249,NA
2022,24,-2.40096849829532,4.49284898828858,-0.000801793925783295,NA,1.54836048681682,-2.36415275215024,NA,-0.930165912927463,8.62427549728669,-8.65518446388469,NA
2022,25,-2.49415791284207,3.92725575681164,-2.86898616962072,NA,-0.971096886838061,-1.56058870096773,NA,-1.67031859869449,1.83658608348458,-9.37124259663134,NA
2022,26,-2.38449543150603,2.69261444901875,-4.12060403900805,-10.3589036009444,2.6459543938627,-0.974086774563031,-0.395127283916784,-0.34867882911601,-2.70427536281877,-10.0878263027978,-1.5
2022,27,-3.54747822280919,2.74719683498217,-2.30106566011359,NA,5.24318182096096,-0.710072588146512,NA,-0.691091689471199,-2.63327378676772,-10.6291097749901,NA
2022,28,-4.35281975007246,2.75126350427304,-1.2388008006412,NA,-1.61004358357334,-0.354086889343599,NA,0.322517066338912,-4.58394351014149,-9.15684492298017,NA
2022,29,-4.65474425523431,2.2096236431131,-1.12236800403902,NA,-2.32342869929965,-0.0485308221367462,NA,0.572578731807904,-6.98536920056635,-9.51525460194183,NA
2022,30,-5.03752948413218,1.49084560665006,2.12783306276232,-11.3780361866726,-7.10922430214386,0.0826749587519178,-1.64802675208583,-1.84116136930813,-8.68409458454356,-11.5632793585584,NA
2022,31,-4.92238628240804,0.844306705569894,6.87478791243143,NA,-11.4390608557237,0.384390065723883,NA,-0.436003407227398,-11.7797956352484,-10.2746301183165,NA
2022,32,-4.47177065648803,0.372381006579909,5.09870635082379,NA,-11.1675940259509,0.975705650184001,NA,-1.1439010316804,-13.4814278436098,-10.6942591378845,NA
2022,33,-3.73973037949513,-0.169170412138932,-0.135183484715724,NA,-14.5659634000165,1.33144437744245,NA,-2.0146209857922,-15.512545291855,-9.50791211769777,NA
2022,34,-2.57825461897441,-0.408850919107561,0.785735474361995,NA,-15.113727820871,1.30911127612826,NA,-2.88058158415624,-17.3040953668031,-9.34806661534168,NA
2022,35,-1.946092916716,-0.131323741747888,3.00529228173961,-4.37520606153078,-13.5828356918967,0.868450230602523,-1.74835395196997,-2.15383028638992,-17.2653426449225,-8.29266608665891,NA
2022,36,-1.05631715881104,-0.734516821766112,2.63468087250362,NA,-15.1408123827153,0.0472961368398468,NA,-0.368195553210578,-17.9800681641455,-9.03970210955157,NA
2022,37,-0.315144310651062,-0.982639140320336,-0.375381361284671,NA,-10.5230136934981,-0.317508383143187,NA,0.619378215416948,-15.3024535156312,-8.44616647627692,NA
2022,38,0.0303069598823276,-1.11943842958143,9.00978021604735,NA,-8.13106315901095,-0.408048560624356,NA,0.642213219209519,-11.0869614468502,-6.1321031074437,NA
2022,39,-0.811538326782824,-1.37999861623974,9.40151579428001,3.73153618219701,-9.41499832679145,-0.339659580359713,-0.695251931488186,0.342258043834298,-7.84527369210623,-3.80067842918577,1.1
2022,40,-1.08223082735202,-1.69649467081982,9.06667062000273,NA,-11.1985580061594,-0.101492032685556,NA,2.25281516142573,-4.8856929492273,-2.27284750387728,NA
2022,41,-1.04465013934706,-2.1422078895956,10.6354099300179,NA,-4.96082463902347,0.269635465522995,NA,1.42909579107769,-3.28391051568008,-2.36962105176509,NA
2022,42,-1.82802616373486,-2.1068225939791,12.9698191713822,NA,-7.2252342316768,0.556881521816571,NA,0.0317000494111925,-1.57097943955439,-1.6277712387958,NA
2022,43,-2.44221084674614,-1.77145622106313,13.20289736166,NA,-3.90159351871161,0.709773208284121,NA,0.990819364797859,-0.00519578800918165,0.201796147622725,NA
2022,44,-3.39051550454896,-2.09751194933835,9.97380506790238,4.07687307848568,-1.08358459926684,0.734517643677903,0.0664451851688602,0.574839290608582,3.21911578816359,0.483215946174421,NA
2022,45,-4.92242548323869,-2.23780414586603,12.976926128078,NA,-4.16542179640533,0.323467716820934,NA,0.87128525388479,5.10991990466801,2.21116608573495,NA
2022,46,-6.22001591609539,-2.028426228266,16.9279089301185,NA,-2.99246895621016,-0.00498151201012626,NA,1.57371416246558,7.01331738292468,2.29109258172148,NA
2022,47,-7.60781166363672,-2.27033760319983,14.7346932629958,NA,-4.90089890060332,-0.103549636145254,NA,1.76711823608944,9.58602693439657,3.03142103753191,NA
2022,48,-7.75769017886225,-2.50713782400618,15.3718407412741,-1.49111352699091,-5.9044136052822,0.0927090024687607,0.0665336019221158,1.05959718056126,10.4500118424802,3.09560854210375,NA
2022,49,-7.70621423642129,-2.03204805352742,16.2165243462818,NA,-2.65051326971555,0.519535942028835,NA,-1.84183336387428,11.7045759733313,3.52033614859321,NA
2022,50,-7.04006474877025,-1.83963803393618,19.5674798647938,NA,1.76952666380102,0.869320147944822,NA,-3.75119454676688,12.1882590564378,3.53527547238555,NA
2022,51,-6.59108152946092,-2.11580160547828,13.8049391018638,NA,2.62164797487447,1.15566951856133,NA,-2.71324273312038,11.759967276471,8.07157521782792,NA
2022,52,-5.76238795153386,-1.51026369148284,13.6382401994602,-3.53507246478054,2.39830825836032,1.51637952946439,-1.16960397631912,-1.82065271827253,11.2106335988847,10.5754538678982,-0.4
2023,1,-5.15304666434571,-1.69941046016244,12.9207923005543,NA,1.84283746132559,1.94169344492206,NA,-2.86882486369151,10.7001802342114,10.1282134925922,NA
2023,2,-5.22599394761996,-1.44174505041641,11.645680842546,NA,-1.72510620938511,2.38780888149012,NA,-2.13450476193136,10.9162698940229,10.7150367664549,NA
2023,3,-4.75089428364557,-1.23271424825514,10.2361994126281,NA,-0.0548061298434736,2.87420048748514,NA,-0.568075424910107,10.9566754129874,11.2781488718359,NA
2023,4,-3.59863768746635,-1.41149958683375,8.85790316766134,NA,-1.12728856718268,3.45483892838597,NA,-1.33810825626819,10.2967809489118,11.8958590581047,NA
2023,5,-2.64985869036565,-0.846169034939245,8.42828968165411,-3.08315837604046,-4.50178284952762,4.11208765222495,-0.967803315705031,-1.72787486934859,9.09037862066607,11.9325111704722,NA
2023,6,-1.49993798884654,0.337300043296087,1.72379223075902,NA,-2.28566029911376,4.991130926399,NA,-1.05929998734078,7.90882440198528,11.1330439475106,NA
2023,7,-1.33890099839377,1.03231602030681,-1.47782277067699,NA,-3.81143813896273,5.76199868778574,NA,-1.9259753898946,6.75983357019775,11.0496046370175,NA
2023,8,-0.84712613789069,1.45618520702633,-0.443755082434541,NA,-3.47359052119443,6.29000252830926,NA,-1.02407042067274,4.90568310285748,10.2501354231933,NA
2023,9,-0.681953047288482,1.95880652911254,-0.821425750293731,-2.21240656680793,-0.589641681003461,6.61644099490558,-1.10350559684288,-2.06993032316822,3.76370044669135,11.2356871948108,NA
2023,10,-0.426555463435448,2.160174854211,-0.125259537478101,NA,-3.23039308531775,6.78386017084154,NA,-0.570894173130612,2.23921497915291,12.8764744909136,NA
2023,11,-1.44493859660345,2.72274122388884,1.67353170534778,NA,-8.4473220568489,6.74270951548372,NA,0.549790739635851,0.25960740263272,13.0065183926307,NA
2023,12,-1.8741199325151,4.06971302690907,5.7774236046353,NA,-15.2560772233841,6.79007288681236,NA,-0.123533226583641,-1.98650227505397,3.03816284868455,NA
2023,13,-1.27044919163157,4.5261922470033,18.5099173461905,-3.25826694906249,-16.9993525290062,6.76841730544537,0,-0.0705154657572917,-4.28369494873699,-2.58620783807911,-0.3
2023,14,-0.442936380628136,5.43788979264211,23.7210880785638,NA,-13.5339464731281,6.6435268676865,NA,0.0793419965747056,-7.90388576615265,-2.91191142482644,NA
2023,15,0.544892616660887,6.23184507860516,30.9386401598773,NA,-7.55177338390122,6.3682178402328,NA,0.192026939161332,-10.3583347841559,-2.41373157824395,NA
2023,16,1.47463887883359,6.92929585998698,41.7191572025167,NA,-5.63902419845928,6.11610100902032,NA,-0.922110546680617,-11.9798575840273,-2.62229715401366,NA
2023,17,1.31514445103246,7.59825544178109,44.4462608061661,-1.66171985848261,-5.03033934659101,5.78806790406809,-0.875721325659109,0.989753820764573,-12.959984207071,-2.96530702477954,NA
2023,18,1.5408696572243,8.11719651062633,49.2691779224358,NA,-2.17329258316888,5.37222046708993,NA,2.10411829728357,-12.7856334850733,-3.22123935900597,NA
2023,19,2.04758150515058,7.44773159275891,58.5289177044121,NA,3.17466324356416,4.81813762608178,NA,2.45656954667013,-13.404660874631,-2.78088350024922,NA
2023,20,3.18179175056346,7.35360962336089,61.1078352416164,NA,6.176312814507,4.31788505236351,NA,3.8123297379042,-13.9296565171342,-2.97335097697842,NA
2023,21,3.39647837569066,8.48774710571766,64.0185473474763,NA,10.871442764491,3.8740457656296,NA,3.77735912140399,-14.668707847462,-2.49935921033359,NA
2023,22,3.23867069911864,8.96814580915461,64.5170030978096,-0.133645191960167,9.17409482129974,3.31662075357073,-0.539448374935512,5.17727474776337,-12.4204070930185,-4.39441235101528,NA
2023,23,2.56858750373096,9.51536352009179,63.5774434045573,NA,12.2937528919355,2.6441744296118,NA,5.11219438553085,-10.8729841992371,-8.05562232862492,NA
2023,24,2.94124807896404,9.35061273151164,64.2408813578652,NA,14.0647495171069,2.20380448231879,NA,5.81398123751966,-8.92494403041688,-8.0652911133162,NA
2023,25,3.28046564748874,8.76827687924978,62.6640456059031,NA,22.026560751757,1.70419659876607,NA,6.26542528470614,-6.3829593810093,-1.5026139743319,NA
2023,26,2.42422856415586,8.22106218294893,49.3262817908485,2.37112461032053,25.3627425439661,1.1847140451735,-0.370433156375266,5.01195066377421,-4.27672928445296,1.42250921890502,1.5
2023,27,1.09890640676756,7.55058296596811,42.8582655208454,NA,21.7988964036902,0.757919054577811,NA,5.78901236786733,0.456280436704588,1.69544286425074,NA
2023,28,0.523450746138218,6.58095209020376,32.8962331298742,NA,16.7598344259894,0.342026812422802,NA,4.63009155143754,2.33446678610502,-1.13474446450575,NA
2023,29,-0.141520188910205,5.72714125924123,17.6075357192263,NA,12.7572665834735,-0.18404128591926,NA,4.97483430334268,4.12917508703264,-2.17837355240931,NA
2023,30,-0.293251129152995,5.12870790792738,14.5387739060182,NA,12.9877146159329,-0.713056819718586,NA,2.93478563597744,5.52033225408603,-3.68232302614964,NA
2023,31,-0.318186536963704,4.14776507587667,8.82380899983721,-0.335683430355103,12.1843128214018,-1.16798628395821,0.202771275965161,1.22256430886765,6.66010050994791,-5.24918318705375,NA
2023,32,-0.85320463205693,4.01945730774998,4.48803955562788,NA,2.02447752939673,-1.61923446808777,NA,-0.42695811519016,8.17695542972777,-6.45263185026688,NA
2023,33,-1.14115902123614,3.26297497835394,5.08072178398961,NA,-0.0545367326895582,-2.05200630101009,NA,-2.02461763121365,9.25945977164199,-6.60395699815007,NA
2023,34,-0.99005585194784,1.43483237821456,1.69785994160335,NA,-6.82685114199206,-2.50010244002232,NA,-3.91262903223107,11.1374735487734,-7.47816660322505,NA
2023,35,-0.717140766256489,0.416968884271288,0.305755194423208,-0.267827411519945,-6.9127901224672,-2.77284951351041,0,-4.63762984908914,9.35361571684143,-7.90278136801362,NA
2023,36,-0.420020450527715,-0.480603618749832,-1.57765068273229,NA,-8.17638146002955,-2.87533703113542,NA,-6.35881046029469,9.36298684519694,-6.17587674974757,NA
2023,37,-0.33435399428543,-0.851230777937915,-9.40218849829701,NA,-7.2935437788008,-3.06920158541481,NA,-8.35822747712841,9.46781122087386,-7.2658962253681,NA
2023,38,-0.29374591495669,-1.01487287774987,-15.227837530107,NA,-11.1808473601531,-3.30885762505943,NA,-8.86866422621934,9.39032178349243,-11.9917783341804,NA
2023,39,0.314347761611338,-1.00835599685416,-19.0125766007673,-1.39583522507068,-11.586458705908,-3.49409221311034,0.16854883477824,-6.82960466649311,9.84684586692607,-12.9490526503948,0.2
2023,40,1.03074857209565,-1.04169675050172,-17.5855130522782,NA,-11.8863767085581,-3.76892248501676,NA,-10.1712677867155,7.82862408354636,-12.3900072760186,NA
2023,41,1.61795392123672,-1.00667883950476,-12.1079872550851,NA,-11.9924755971316,-4.03903597588473,NA,-8.94690773993159,7.85346761915037,-9.81056700642927,NA
2023,42,2.46558678654173,-1.22672237959356,-2.89991068014301,NA,-10.7016301312687,-4.13986166455811,NA,-8.7988413356125,7.38107369247654,-8.64404660571878,NA
2023,43,3.14005201527741,-1.37169837453823,3.79786969039394,NA,-11.8615832216198,-4.23884412157277,NA,-8.87797729271825,7.07193467327431,-6.92801247984918,NA
2023,44,2.92734119664637,-1.27499325977299,8.25210974993129,1.83246840071369,-12.0266175366326,-4.36184542110514,0.404313219235633,-6.0378903972924,5.27746044564017,-5.8413030101769,NA
2023,45,3.03238245534681,-1.23801931009994,7.43902872149078,NA,-6.90866937778612,-4.23070859823368,NA,-4.9751769157256,5.6671769641652,-4.53764288014197,NA
2023,46,2.80415829806626,-1.15169076883414,5.94937866799088,NA,-6.75416830111124,-4.13310547790533,NA,-3.37727943799704,5.97401949756095,-4.61068908498719,NA
2023,47,2.93810353313376,-0.928177129250555,7.0777052810081,NA,-1.3672547855772,-3.95960813819806,NA,-3.04445582777889,5.02596035870296,-3.62362163170186,NA
2023,48,3.349696910033,-0.831465200056311,6.71559711280505,1.76113540007721,3.82025535065014,-3.75673191328721,0.740993622870498,-2.30062363157689,4.92397711595036,-2.34859164843464,NA
2023,49,4.12722711522677,-1.07553952717418,6.98861372438337,NA,3.7151605906649,-3.66218384807677,NA,-0.891335136114113,3.91858193820008,-1.59270701817024,NA
2023,50,4.4760780146293,-1.11247252393897,11.8222571384284,NA,1.1978038220661,-3.46953639565215,NA,0.917502502596337,3.49981731344886,-0.266925993948195,NA
2023,51,4.25178394016151,-1.38817386769734,18.4053721099845,NA,1.4564096722537,-3.12030794056319,NA,0.156928483106503,2.86998717158768,2.62830663757896,NA
2023,52,4.01886428134289,-1.6946137482238,24.5768669997948,0.899556290857778,-0.892895003814639,-2.7819078653059,0.838509021581377,-0.655537644185069,2.05769142770263,1.45191042873376,-0.1
2024,1,5.08599501078377,-1.96264638675608,25.491508643725,NA,2.78929302253888,-2.29850071059271,NA,2.41750098231787,3.9701748501916,1.32811047126235,NA
2024,2,5.07864784775226,-2.3768719434697,20.9561367830967,NA,6.67065394410712,-1.70878770140805,NA,1.85936364690294,3.92564922790949,0.48276800887048,NA
2024,3,4.31350554167999,-2.7793985826379,13.1601021446964,NA,9.59687788636971,-1.30486897423142,NA,0.393475926664883,3.49623868922174,0.510824403652952,NA
2024,4,3.30893623108175,-3.24854157470867,2.78750877442238,NA,10.5361941235365,-0.806234485334916,NA,1.8474882559339,3.19285761372896,-0.0854966952646584,NA
2024,5,2.86266802649941,-3.20117222186804,2.53630937686195,-0.0990916678935914,11.545175989156,-0.212800915518904,1.2032230722821,-1.4967252744316,3.98102904748217,0.832829760557036,NA
2024,6,2.55925729177308,-3.62208260508973,5.65366756449503,NA,11.3633538516154,0.169055909074329,NA,-1.09191477626927,2.66006358975695,1.03096439511873,NA
2024,7,1.85081692172107,-3.31353137002227,8.42469232132022,NA,10.2141233108078,0.581036913962875,NA,-2.5653065078607,1.89654188353016,1.40817202446707,NA
2024,8,1.03798263478055,-2.5220124440221,10.3991483048864,NA,5.64131401148894,0.896020105122139,NA,-1.12435501658466,2.35406920031942,2.10154825333976,NA
2024,9,-0.471541886323307,-2.82098625555795,14.9386615122924,-0.164826145771731,-1.69913165056581,1.09929488049546,1.20081496283968,-1.35164002110362,2.77205476197293,3.05659648671469,NA
2024,10,-1.76869953069276,-2.51838069903901,15.5593755921986,NA,-4.54744046550591,1.39529374733752,NA,-1.16716657851677,3.08523711216416,1.84591144579574,NA
2024,11,-2.22029918784447,-2.17343564757197,13.497980560195,NA,-5.76413893801013,1.65193907729426,NA,-2.15837699884433,3.08291543880276,2.07826705511254,NA
2024,12,-1.69597291816197,-1.72585270712286,10.136889395834,NA,-4.62089901094335,1.71749359811319,NA,-0.318840820480119,2.4744232339424,3.01520115762263,NA
2024,13,-1.69391770699701,-1.29038463615665,6.97794247545856,1.21972832430618,-3.27299090406543,1.73833990759906,2.11508215094338,-1.96197164681841,2.41957403262583,5.11354468045996,1.4
2024,14,-3.75999583181137,-0.513243701642726,4.74057801138662,NA,-6.69113989824226,1.626120152209,NA,-2.37461973365583,-2.14223789063904,7.11214039310429,NA
2024,15,-4.8621355069016,1.0885033087314,6.40069990218244,NA,-10.5231215125057,1.48453991818169,NA,-3.39639182699576,-3.09960557678113,7.93839683792376,NA
2024,16,-4.88466706872197,2.92273289134118,8.97694194197064,NA,-14.5454561817528,1.39537836202783,NA,-0.655008901178264,-2.74570631742034,7.80541228294623,NA
2024,17,-3.86668354135884,4.59779508548387,11.3995725859129,NA,-12.9793673394106,1.2225774138778,NA,-1.72220826808845,-2.97680104418325,8.21759063416238,NA
2024,18,-3.62412181350405,5.55935901019925,6.74935719760705,1.86615335378491,-12.4914921845083,1.00898214728807,1.68015812024912,0.152437494445678,-2.7996701747285,7.67002318235746,NA
2024,19,-3.43381961251587,7.16774155098549,1.56844235960252,NA,-15.0721542872959,0.888120692049312,NA,-0.530858109182348,-2.25415980406572,6.9237296284889,NA
2024,20,-2.63142571169489,7.19893711956109,-4.08178060958378,NA,-10.666122162239,0.795795902664074,NA,-1.51504394315826,-1.92783870961135,8.01627812854401,NA
2024,21,-1.75534165791278,6.85141369041682,-10.5904530297186,NA,-7.21255820041964,0.786310912656383,NA,-1.78672779459758,-2.22643985253217,7.13165266493225,NA
2024,22,-0.241295898116893,8.00059441625503,-20.646758977253,3.1181480400038,-1.99982703245034,0.808896983646613,2.77931899726022,-2.01570923419598,-2.7596228639558,6.19352197663969,NA
2024,23,0.58717581737851,8.61610325866632,-21.8402662225295,NA,0.681403470212845,0.941690041731229,NA,-2.49538512831277,-0.155534939029226,7.8669526210005,NA
2024,24,0.707601212807676,8.57675489299952,-22.1626694540428,NA,5.23000195519513,1.11588910394141,NA,-0.226779405128185,0.280598281955946,7.37329254794184,NA
2024,25,0.107386653319151,8.55390177913998,-26.9130208906256,NA,6.2746613276369,1.3491712499448,NA,-2.03912376358354,2.03827007279291,5.90986206861493,NA
2024,26,0.4254440267303,8.78907118294373,-26.7454826570182,2.90624264112189,7.09461017773582,1.53981779944362,0.78176293910535,1.21116460874348,3.39473163298497,6.26535594569637,0.4
2024,27,1.54160640438252,8.34626916236635,-26.5389707803891,NA,8.51251770836568,1.79334768306971,NA,1.35502356926432,5.99788829965156,4.37208358153705,NA
2024,28,2.50921128967476,7.26316713203803,-28.3108374699523,NA,10.3551249463963,1.97129740945203,NA,3.27367769300485,6.03607385810076,5.86903263771717,NA
2024,29,2.57649975211639,6.10259970488844,-30.1564830591616,NA,13.5414791218177,2.28645284330167,NA,0.574657898190616,5.10318409050725,7.57707989484741,NA
2024,30,1.64321930808111,4.86439964785517,-30.3729900188216,NA,11.8290849176676,2.6245255361003,NA,0.231839315836696,4.90133504000942,9.6198408825951,NA
2024,31,2.41320739493748,3.28867210245383,-28.8196742592363,1.41709295716909,10.265138460092,2.8168274091794,1.58810662278673,1.44221117156545,3.11162419328369,12.0723356477432,NA
2024,32,2.90019711200444,1.28761142389487,-26.3640590829855,NA,14.8198966592966,2.7790521058593,NA,2.03717349313588,1.88944917589625,14.2041032735833,NA
2024,33,3.11823677710163,0.93222406995694,-23.5118618829829,NA,9.80809325854844,2.7136218958726,NA,4.91640634381352,0.987640036921265,14.3608684003051,NA
2024,34,2.90311211208837,0.727731663934638,-19.5256334041583,NA,7.71785151724596,2.72986708187924,NA,6.10611670330338,-0.0103521101788658,16.0455413246682,NA
2024,35,2.369272063361,-0.0274950178477555,-14.4846516214252,0,5.15517076908781,2.72745918217994,0.0322424636034993,5.75337224874192,-0.4801546969723,18.2004758891669,NA
2024,36,2.23593727787079,-1.03222664116872,-14.2858166597,NA,5.75577752570909,2.4812261387535,NA,7.13605130718699,-6.61105210587625,19.0141958936066,NA
2024,37,2.35125980078604,-1.60133060348704,-14.8758485940533,NA,3.21640314785858,2.15971062603349,NA,4.24039183941141,-8.71974333185843,20.5479813262528,NA
2024,38,2.36375801529816,-1.9025535457902,-11.6655149540349,NA,6.3773482181972,1.95859850794402,NA,5.99894055956768,-11.6869224094579,23.1927051716505,NA
2024,39,1.86234657205199,-3.06511826905161,-11.4633492012225,NA,3.73827109000981,1.95518974806379,NA,2.97887002812991,-15.4575419720088,23.5321184217018,1.1
2024,40,1.76017108099761,-3.19572264286803,-10.5287775459661,0.760942162539115,4.46912473283836,1.95908254819525,0.968686941822124,3.10797927598324,-17.0311547663922,23.1617291937367,NA
2024,41,1.14239478761911,-3.3018152780925,-8.32390641879084,NA,2.83403955755846,2.06396846678314,NA,2.67841898854447,-16.4288260238764,20.5702566152432,NA
2024,42,0.734074353622803,-3.59810589042994,-4.50358879849055,NA,2.78205882141803,2.13083245580913,NA,4.48374609345339,-15.8809407464302,18.4048100766889,NA
2024,43,0.782737349027896,-3.01818250444585,-2.3722408368762,NA,2.25459863118569,2.27602197003703,NA,6.46239432011623,-15.6038864308797,15.6549832612554,NA
2024,44,0.383652541684452,-2.57749252690699,-1.74531295175356,0.478546135772517,3.16018129619032,2.53816605266835,0.641027836091902,2.14846468177953,-15.7925514426197,13.7215025971769,NA
2024,45,0.0854410142485093,-2.04066883406896,-0.612627098373314,NA,0.906521259588625,3.07383440506644,NA,2.32958242655683,-14.8199974677628,11.6184546049427,NA
2024,46,0.12681398215344,-2.11843753365398,0.405472492084255,NA,2.20704609310188,3.51986856081492,NA,-0.327352641688458,-14.6789294572846,10.5844934332865,NA
2024,47,-0.0287153202534981,-2.47813759247307,0.282871974921557,NA,2.86848964767211,3.82424478023345,NA,-1.63516252451931,-14.20834283451,8.84494325424149,NA
2024,48,-0.308649605933242,-2.70388679333705,1.71921336120392,0.223606545812464,1.55646725725662,4.12847397281624,1.94738795691648,-1.18022863523176,-14.3016298960281,6.76031147560272,NA
2024,49,-0.494697924510543,-2.22494768492742,1.94068522650985,NA,-1.63938136224795,4.56804562919087,NA,-2.40110365745804,-12.0497334984857,4.20994169288588,NA
2024,50,-0.540616301352062,-2.09030818356786,3.43858375737044,NA,-0.681409822852031,5.03338970592689,NA,-0.711466838070105,-11.3070047490033,3.3011662907643,NA
2024,51,-0.532913263517954,-2.14925030339653,5.01417388773712,NA,-10.8010213027742,5.39783462776534,NA,-2.76298576660059,-10.2757872425651,1.93168431930783,NA
2024,52,0.00149251031894545,-1.20570930064486,6.43879134392187,NA,-7.34399587604093,5.58889789141507,NA,-1.76355293954786,-7.83961037869432,7.5269519613103,1.3
2025,1,-0.610193969669858,-1.13964114681069,5.82777958791233,-1.17554967720755,-11.0866970575981,5.7633685696537,2.9446484056488,-3.18622821343859,-6.61124101196642,8.42326032907519,NA
2025,2,-0.507810462040588,-1.18409503495117,4.78465828154107,NA,-10.6881512187448,5.89412269319026,NA,-3.16599004831875,-5.52852409308621,9.22382747689667,NA
2025,3,-0.340486016811076,-0.501492029974544,0.489719389303907,NA,-15.1993138744424,5.99937730386279,NA,-3.6378585148713,-5.09812978584069,10.3856740498367,NA
2025,4,-0.367794323313473,-1.04276416031148,-3.73320329310762,NA,-16.4430099203688,6.04082826875248,NA,-5.47140634518924,-5.3622062754335,11.7345581746099,NA
2025,5,-1.34324201795432,-0.28094053106653,-4.45831752164335,2.60734104143063,-17.5014032707403,6.08589731284445,1.49043507353173,-0.593848148053392,-3.38655337874308,11.541657229108,NA
2025,6,-2.23345221114158,0.476814046537209,-8.92107187906061,NA,-20.3091642089617,6.18171279876426,NA,-1.81929204391543,-4.46181612129339,12.4352332648489,NA
2025,7,-2.78862801964997,0.247932211768379,-13.7460478283833,NA,-17.386085022853,6.62311583839044,NA,-0.314485905064463,-4.81577332929948,13.584656595704,NA
2025,8,-3.1235376545166,0.671430289586999,-16.7217793522978,NA,-11.6201730346033,7.17322024564266,NA,0.0304474211018156,-5.39641932346176,13.2276127102101,NA
2025,9,-2.70422468790921,0.900126218921369,-19.9487568764825,4.09496187945654,-5.0738061115939,7.67686022223412,-0.443600220462436,-0.555875970399839,-5.24372022436472,15.9528560552454,NA
2025,10,-3.2730953216653,0.471120488220378,-21.0248174820929,NA,2.98682684405314,7.85306936838549,NA,-1.31365730232521,-5.06074585469234,17.6439457343857,NA
2025,11,-3.71978122957294,0.49474476431114,-23.4361223385961,NA,6.07943995513131,7.95226886296192,NA,-0.755641563715688,-5.5351900824902,17.0430665634071,NA
2025,12,-3.72907119922781,0.503943781154693,-28.9570112459061,NA,12.3835884500107,7.94931487756896,NA,0.906577764858188,-5.49583502972106,15.5884412434471,NA
2025,13,-4.40127851419361,0.314023117746155,-35.6313338409357,NA,11.7269761577514,8.08035279673989,NA,1.7577566172067,-7.25723513731034,2.71181849955234,0.3
2025,14,-4.40184222230706,0.346677043507397,-37.7891837149907,4.83487269034366,16.1155340410263,8.22424580234965,-2.71996527469672,3.48605405497887,-9.00929406759688,0.983437123376247,NA
2025,15,-3.85399275099861,1.20659563035624,-37.8103411295821,NA,16.4007495636992,8.0824549394196,NA,2.96301468935373,-12.8816371546577,0.25690841972365,NA
2025,16,-3.6054587239587,0.699152685215358,-41.6423300751341,NA,21.7549700126122,7.8478913419556,NA,1.77974395957769,-14.7497324892424,-1.47687534137125,NA
2025,17,-3.66183125972644,0.945729162226837,-43.343552292194,NA,24.1910931368063,7.57220469716439,NA,2.16856235999463,-14.4717899194167,-2.28499708179085,NA
2025,18,-2.48151841508076,0.350756583462128,-44.6110883811633,0.679854287297313,24.988490393338,7.33591283239511,-0.853490244983733,0.261289461111519,-15.1072213043926,-2.70839265346153,NA
2025,19,-1.140734237657,-0.12134106971197,-43.6088913426787,NA,27.6924281033643,7.01244109423048,NA,0.526366497240945,-14.3799248833525,-3.94778976251068,NA
2025,20,-1.1869416955358,1.07648675596571,-39.0810451998928,NA,22.5708854450997,6.34117217641217,NA,1.68267414218772,-13.3339679615735,-7.01471379594472,NA
2025,21,-0.812560882462082,1.66913661656576,-36.5489624892853,NA,11.8673572718812,5.53050973783291,NA,0.399064570592605,-11.9828483245399,-6.62959989804959,NA
2025,22,-1.23518840417643,2.14588863530469,-36.0426962697144,-0.984926398509834,1.59399859326283,4.86657638620172,0.91671259956368,1.90990999122987,-11.1342277511818,-13.2255740803357,NA
2025,23,-0.131454728382062,3.02842796027429,-37.4827292678145,NA,-10.1744741016562,4.68303554988676,NA,3.37656938271955,-8.86022838739682,-14.7505531381907,NA
2025,24,-0.0829246299808147,3.76350198671456,-34.6027621974666,NA,-19.3374247821756,4.51312314003856,NA,0.190027112860316,-7.03476197124595,-15.700041705,NA
2025,25,-0.107210494546673,4.33125531828852,-23.8908878622164,NA,-22.0549404290485,4.45346996932103,NA,1.31968046521536,-6.01666271816922,-15.172453495192,NA
2025,26,-0.297341844914725,4.49273733514063,-12.9319713027917,NA,-26.4413803903774,4.22766213553805,NA,-0.187991777698468,-4.19028530457573,-9.61787101832278,0.6
2025,27,0.228488129261461,4.37298541866105,-8.59280513728974,-2.15459242748609,-29.5374125548793,3.92225053201512,2.81352523786021,-1.40151712482562,-0.651756622967772,-7.62117723085796,NA
2025,28,-0.481581174099753,3.11424523021046,-6.89054543797852,NA,-28.147646474639,4.01821006260984,NA,-1.17217056893243,2.56413965857874,-8.16253846041416,NA
2025,29,-0.309862251245791,2.90299586937936,7.46253282160375,NA,-32.2288672774475,4.14069962558989,NA,-0.00631466210708081,4.85667431353047,-7.97755673665827,NA
2025,30,0.141237510655525,2.42309926274011,19.0702219567206,NA,-33.0349367559054,4.19271163069902,NA,0.982456750364996,4.70268825472766,-10.3991952111602,NA
2025,31,-0.233626636035147,2.30347580760726,24.9099720626274,-1.73971458246023,-33.4464996519794,4.12471905944022,2.81708769666962,0.633979831616579,4.30287414340606,-11.7878939060526,NA
2025,32,-1.66284603846492,2.48661022963169,29.0393161502292,NA,-32.7689676675471,3.87560252313657,NA,1.17964323067401,4.64227922754476,-12.5154446505631,NA
2025,33,-2.53312978120612,1.91927267086057,27.2749409455856,NA,-31.4626206959314,3.65168144240018,NA,-0.744779529656681,3.91075260044536,-11.6529507799337,NA
2025,34,-3.22666896348203,1.32426990132687,27.4729407647969,NA,-26.6115083403418,3.53575592263382,NA,0.274925874872258,3.13833917353356,-12.6311549780548,NA
2025,35,-3.2100361902884,1.03050834235805,31.0921149844385,-1.46442872554392,-21.2986296774661,3.38513135681547,3.09814122071136,-0.515551773740294,2.82319608663099,-10.9730488550012,NA
2025,36,-3.81394949967117,0.557092784198645,35.0290276957804,NA,-14.4770996722359,3.11180025069822,NA,-1.04471977478422,-1.44582113495538,-11.8569258081112,NA
2025,37,-3.41154669387039,0.16635886370025,35.7715815158898,NA,-8.77208135240871,2.92050358630064,NA,2.65370826878134,-3.35541193722218,-12.3939690459096,NA
2025,38,-3.13017691053997,-0.184443437478846,30.3869632362211,NA,-6.90974418720185,2.75105621320171,NA,0.738815352058075,-4.63835642485546,-14.0674357994554,NA
2025,39,-2.40725110438998,-0.0971149782054147,25.93535757264,NA,0.43651224189327,2.67514898324595,NA,2.75215948598223,-5.64687975781607,-14.6898227994817,-0.1
2025,40,-1.7487518614842,0.442016729587487,24.0215308650021,-1.41001866065372,3.16257970223499,2.64298779838304,2.43276046778143,3.29691192211983,-9.9597642708765,-17.7938212148268,NA
2025,41,-1.40918924576277,1.2703080423751,20.6844907481906,NA,3.49190774276182,2.56608168711353,NA,1.47182123617119,-12.027201632719,-17.1196997578442,NA
2025,42,-1.44483593418679,2.02597213700473,11.7750203131123,NA,5.46094440058949,2.54182732577383,NA,1.37017331244155,-14.2775412316061,-16.9463233771208,NA
2025,43,-1.32544219377583,2.53484918635935,4.35330692944603,NA,5.93336429183818,2.62428148067247,NA,-0.0427425922960191,-15.3734736978427,-14.6465598600532,NA
2025,44,-0.880187373383196,2.73649206882198,-0.643637354793505,-0.912960850882638,7.14527630547705,2.77219116658299,1.62256735899891,0.624892465781643,-16.5097981824926,-12.2910253637991,NA
2025,45,0.697289943789319,2.45336179854873,-1.47829390633709,NA,8.29888431481361,3.03279339608928,NA,0.29651133353299,-19.7096693802072,-11.6391518417321,NA
2025,46,2.89993653820226,2.30512332648897,-0.793831002403621,NA,13.433277544282,3.37174694518101,NA,0.293853264989028,-20.170549874302,-11.9506145859135,NA
2025,47,4.62712612464932,2.42964935310945,-0.243239024750117,NA,15.5348431567221,3.65076790600478,NA,1.18814736236422,-20.813655657009,-11.8588175309111,NA
2025,48,6.02888444220981,2.17815616003517,1.34415025081243,-0.787777825437608,17.3629847815459,3.88336108867576,0.274181436044447,-1.26721088498569,-21.8265738321398,-10.573139812711,NA
2025,49,6.55171591953125,2.12426654736889,2.74274588632691,NA,16.73330925769,4.07427588005587,NA,-2.23067938202794,-19.2545655718751,-9.92424940149401,NA
2025,50,6.36331388756047,2.15967239486227,0.5114604673814,NA,17.6922963145815,4.26207135037816,NA,-4.83431700487981,-19.2728136770385,-10.7021270674043,NA
2025,51,6.84508689073141,2.20083951385196,0.190673512163685,NA,19.962912873843,4.50732087271656,NA,-5.25024944231039,-19.2638816559896,-11.8370697096741,NA
2025,52,6.98750855956569,1.72600754915035,-2.37675725979217,NA,13.9493175556266,4.7701672343009,NA,-8.36911559731058,-19.0008306253842,-15.6405832467477,1.7
2026,1,6.6477850860005,1.03283514247596,-3.24412599576936,0.220646267610567,12.8328769047876,5.14834581970496,0.364409756436215,-8.59000127275015,-14.9946599442548,-16.0201777538698,NA
2026,2,8.27970275811923,0.787475195151405,1.47518017591668,NA,13.2117282759313,5.51572155411594,NA,-6.32390395254608,-12.6460607164579,-17.6226931177449,NA
2026,3,10.010680957873,0.609560894145165,6.42946995382462,NA,17.0320713610522,5.96507697634151,NA,-5.18325971276183,-12.6383413725869,-19.4513572924096,NA
2026,4,11.707889044295,0.71890863780825,9.9396207953883,NA,22.4221353574867,6.45752839750283,NA,-4.35199468380247,-12.4012113713665,-21.5590256783491,NA
2026,5,13.3359546798983,0.860507078761675,15.9714778563991,2.00382409157371,23.6132644599024,7.02531713357589,0.605511992353158,-5.56387322833844,-10.5146999379975,-25.3130816984916,NA
2026,6,14.47685531672,1.22750891188805,14.990382336414,NA,25.0705110356463,7.51735853699763,NA,-6.05849205406203,-6.75872649826606,-32.3129656987283,NA
2026,7,15.009721981707,1.78065949573702,15.997362608316,NA,24.0749346554305,7.92172154714467,NA,-5.44052746237888,-6.18159240281939,-38.9982923233866,NA
2026,8,15.3017273309824,1.76811015965342,16.7613601558002,NA,23.638240987207,8.37496600372421,NA,-7.43557132560388,-4.80432357461606,-46.08373494106,NA
2026,9,14.2668207990007,2.60597671597718,10.3076835698734,NA,22.4417307793573,8.7084857424375,NA,-3.73548998029857,-5.35167719117233,-55.0297916445894,NA
